Resume_Category,Resume_Text,JD_Title,JD_Text,Label
ADVOCATE,"         MANAGER, DIGITAL MARKETING AND COMMUNICATIONS       Objective    Obtain the Health Analytic Consultant position at UnitedHealthcare to further my professional career by continuing to utilize and expand my analytic, organizational, and interpersonal skills.      Skills      More than 19 years experience in
healthcare, business development, marketing and planning analysis.  Develop  and manage website for Advocate Physician Partners regarding their Managed Care and Clinical Integration for Population Health Management programs.      Mined data to provide qualitative and quantitative analysis to key stakeholders, including executive team, regarding business initiatives.   Implement innovative solutions
to manage and improve patient health. 
Strategies include:  incorporating
wearable apps in patient portal, telehealth appointments, and online
scheduling for immediate care.    Extensive knowledge, skills and experience with technical databases and
software, such as Content Management Systems (HTML code), Google Analytics,
Google Adwords, and Microsoft Office: 
Excel, Outlook, PowerPoint, SharePoint, and Word.          Professional Experience      Manager, Digital Marketing and Communications     Aug 2014   to   Current      Company Name         Project manager of Advocate's new physician profiles.   51% increase in new patient appointments producing downstream revenue of 32M (based on $1,250/patient).    1.3M physician profile views and 46% increase in total calls YoY.  Launched site in 3 months.   Implemented a benchmark assessment that reviewed and evaluated integrated healthcare systems nationwide.  Presented executive summary that outlined results and recommendations on improvements.   Develop data-driven strategies that transform consumer intent into action and drive conversions.  Project manager of AMGdoctors.com.   23% increase in visits (YoY) and 8% increase pageviews.    41% of traffic comes from mobile devices due to responsive design, social media and ad campaigns.    6,648 web appointments were scheduled through AMG doctors.com in 2015, producing 8.3 million dollars in downstream revenue (based $1,250/patient).   Manager of Advocatedocs.com, Advocate's first digital physician platform providing the latest alerts, policies, and physician referral database.  Exponential monthly growth (26%MoM).   Collaborated with managed care team to develop online communications.  Monitor expenditures to ensure implementation of projects are cost effective.         Senior Web Specialist     Jun 2007   to   Aug 2014      Company Name         Implement and manage continuous improvements based on digital dashboards and market research to increase the effectiveness of AMGdoctors.com and online marketing initiatives.  Research and implement effective online strategies to optimize Search Engine Optimization (SEO) through page titles, content, layout and design, meta/alt tags, headings, links, and images.  Develop Google Adwords campaigns by meeting with the customers, conducting research, developing a proposal, developing Google Ads and keywords, tracking results using Google Analytics, and modifying campaigns to improve results.  Prepare, present, and review reports from a variety of databases within Google Analytics.    Identify, prioritize, and delegate projects to team members.  Project elements include edits and adding content, design layout, project updates, and project review.         Senior Planning Analyst     Jan 2006   to   Jun 2007      Company Name         Conducted online competitive analysis in order to identify competitor strategies on specific site and system growth initiatives.  Created and presented market assessments and recommendations to executive management based on analytic results.  Analyzed physician loyalty and market share.            Jan 2006   to   Aug 2006      Company Name         Interim Director of CRM Data Warehouse.  Managed CRM Data Warehouse budget for system and hospital initiatives.  Developed CRM projects to determine return on investment for the Marketing department and other departments within Strategic Planning and Growth.  Identified internal customers' needs, collected data obtaining the customers' objectives using CRM database, and interpreted the results to assist in strategic planning and marketing.  Developed and conducted CRM training for planning,CRM Analyst and internal customers, which entailed: data sources, relational databases, setting theories, building filters/queries, creating mail lists, and generating standard reports producing demographic profiles and encounter analysis for determining ROI.  Created SQL reports using CRM database.  Filtered data from Allegra, IDX, Contact Center Database, Credentialing Office, Physician Lists, and other internal customer/patient source lists.  Analyzed and compiled results in an organized report, and presented data for system/departmental strategic planning.         Education      Masters of Science  ,   Public Service Management, Healthcare Administration   06/04     DePaul University         Public Service Management, Healthcare Administration       Bachelor of Science  ,   Biological Sciences   5/96     University of Illinois         Biological Sciences       Professional Affiliations    Member of the American Marketing Association.  Member of DePaul University Alumni Association.  Member of the University of Illinois Alumni Association.      Awards      2016 BIA/Kelsey GOLOCAL award in sales and revenue  2016 Best Healthcare Provider Integrated Ad Campaign Internet Advertising Award     ",Django Developer,"Description

Designation: Python Lead

Experience required- 4-7 years

Reporting To: Architect

Vacancy: 1

Cab- No
Working Days: 5
Shift: Day shift job

Job Location: New Delhi

Your day-to-day responsibilities will shift and grow but to start with you will:

Design, develop, and deliver amazing software solutions

Encourage and promote innovation, development best practices and solid lifecycle processes

Collaborate with development teams on work definition, estimation and prioritization

Lead and grow as a professional software engineer

Full ownership of product deliveries and mentoring junior team members

Requirements

4-7 year of Software development experience, should have 3-4 year experience in Python Development on Linux.

Working knowledge of relational as well as non-relational databases (e.g. MongoDB, CouchDB, Redis)

Experience in at least one Agile tool like JIRA, Pivotal Tracker etc.

Experience in Javascript and JS technologies like JQuery, Angular

Working knowledge of git for source version control

Good to have knowledge on following tools: Django,

Flask, Celery, Tornado, SQLAlchemy

Two or more years of experience in iterative development (Scrum based)",0.224
FITNESS,"         DIRECTOR/PRESIDENT - MINTURN FITNESS CENTER       Executive Profile     21-year Internationally-regarded coaching professional, 13-year Nationally certified/accredited in Strength and Conditioning, Industry-leading Athletic Performance Executive in the field of high-performance athletic training who creates strategic alliances with organizational leaders to effectively align with and support key business initiatives. Experience with successful facility design, builds and operations. Recruits and retains high performance teams by hiring, developing and motivating skilled professionals. Provides oversight of all budgets, operations and strategic initiatives with sound operational management skills. Provides athletic high-performance programming, training, education, presentations and hands-on coaching of all Elite, High-School and General Population athlete membership on and off-site.       Skill Highlights          NSCA CSCS*D (09-14)  NSCA RSCC*D (16-Present)  EXOS XPS   NSCA Colorado State Program Director (11-12)  EXOS (Formerly Athlete's Performance) Level IV Mentor (05-2010)  Director of Human Performance SSCV (10-Present)      FMS Level 1 Certified (09-Present)  TRX Level 1 Certified (09-Present)  Power Plate Academy Certified (09-Present)  Internationally Recognized Speaker for the NSCA and Keiser Corp (08-Present)  Director of Coaches Education for SSCV (10-Present)  Director of Facilities and Operations Minturn Fitness Center (14-Present)            Noted Accomplishments      Women's FIS Team Coach for SSCV producing the most athletes from a single program to make the USST during the 2 year span 1997-99  USST Disabled/Paralympic Alpine Coach of the Year 2005  Designed and Executed First-Ever Dedicated SSCV Strength and Conditioning Program 2006  Designed and Executed First-Ever 55-Hour Continuing Education program for Ski and Snowboard Club Vail Full and Part-time athletic staff (120-134 staff members) 2009  Directed all-inclusive Human Performance Program for SSCV including Strength and Conditioning, Sport Psychology, Nutrition and Medical intervention 2009-Present  Proposed, designed, built and provided operational oversight of all facets of the Minturn Fitness Center on the VSSA Campus including operations, hiring, membership management, marketing and advertising, programming for General Population, Junior, High-School and Elite/VIP athletes. 2014-16  Presented at the NFL Combine in Indianapolis ID on the subject of ""Power Training for Olympic Success"" Spring 2014        Professional Experience      Director/President - Minturn Fitness Center     Aug 2013   to   Mar 2017      Company Name   －   City  ,   State     Responsible for concept, design, oversight of construction and opening of the Nation's first half-public, half-private Performance Training Athletic Facility with funding split between the municipality of the Town of Minturn and Ski and Snowboard Club Vail.  Secured Strategic Partnerships and Sponsorships to include, but not limited to: Facility Design, Construction, Equipment, Staffing and Uniforming.  Provide Operational Oversight to include, but not limited to: Scheduling, Programming, Zone Layout, Organizational Philosophies and Strategies and Recruitment and Hiring of all relevant Administrative and Coaching Staff.  Provide Budgetary Oversight to include, but not limited to: Hourly and Salaried Payroll, Expenses and Revenue, Relevant Fee Structures for Membership, Elite and VIP Fee Structuring and Continuing Oversight and Strategic Initiatives to balance Profit and Loss.         Director of Human Performance     May 2010   to   Mar 2017      Company Name   －   City  ,   State     Responsible for coordination of all aspects of Athletic Human Performance for the athlete population at SSCV including but not limited to: Strength and Conditioning, Sport Psychology, Nutrition, Athletic Programming through Periodization with discipline specificity, Program Design, Athletic Testing, Data Compilation and Analysis and Medical Coordination and Intervention Strategies.  Recruiting, Hiring, Management and Evaluation of all Human Performance Staff.  Integration and Collaboration with all Sport Specific Coaching Staff at SSCV.  Organization of all non-snow training sessions with facilities both on and off-site.  Presentation and collaboration of training methods and philosophies both internal and external including LTAD, program periodization and programming.  Responsible for the design, organization and execution of an annual, Industry-Leading 55 hour Continuing Education Program for the entire full-time SSCV Staff including but not limited to: Scheduling, Organization of facilities, Recruitment of Industry Professionals to speak on the topics of Leadership, Sport Performance Strategies, Communication Strategies, Building a Culture of Excellence, Team-building, and Annual Operational Expectations.  Annual Sub-Contract by the FIS through SSCV to oversee all safety systems, surface management and course sets for the FIS World Cup and FIS World Championships at Beaver Creek, Colorado. Duties include but are not limited to: Design of Safety Systems including A and B-net systems, Racecourse surface preparation and maintenance, Course sets for each discipline. In charge of multiple crews on simultaneous projects throughout the duration of the events.       ​        Director of Strength and Conditioning     Apr 2005   to   Apr 2010      Company Name   －   City  ,   State     Responsible for the Concept, Design and Execution of the first dedicated Strength and Conditioning Program for Ski and Snowboard Club Vail.  Startup Facility Responsibilities include, but not limited to: Facility procurement and design, Building of Strategic Partnerships for procurement of equipment and technology through fund-raising and sponsorship initiatives.  Position Responsibilities include, but not limited to Strength and Conditioning Program Designs for all 5 disciplines of Snow Sport at SSCV, Facility Scheduling for Team and Individual Training, Budgetary Oversight, Injury Management through Strategic Partnerships, Recruitment and Hiring of Key Staff positions, Athlete Testing and Data Compilation for Presentation and Review and Annual Athletic Periodization Planning and Execution.  Annual Sub-Contract by the FIS through SSCV to oversee all safety systems, surfacemanagement and course sets for the FIS World Cup and FIS World Championships at Beaver Creek, Colorado. Duties include but are not limited to: Design of Safety Systems including A and B-net systems, Racecourse surface preparation and maintenance, Course sets for each discipline. In charge of multiple crews on simultaneous projects throughout the duration of the events.         Head Strength and Conditioning Coach/Assistant Alpine Coach     Apr 2001   to   May 2004      Company Name   －   City  ,   State     Head Strength and Conditioning Coach/Assistant Alpine Coach United States Disabled/Paralympic Ski Team Designed, implemented and coached discipline specific strength and conditioning programs for elite World Cup and Paralympic athletes.  Compiled data and kept records to track progress of athletes.  Coordinated with USOC Sport Science programs to enhance performance of athletes.  Coordinated with Howard Head Sport Medicine, Vail, CO. to enhance testing of athletes.  Supervised and mentored of all coaches individual programs.  Presented information to PSIA and USSCA coaches on strength and conditioning for disabled athletes.  Responsible for the on-hill training environment that including safety systems setup, course-setting, timing and video capture and analysis.  On-hill coaching of athletes to improve performance for training and racing.  Athletic management of each athlete individually to ensure proper training time, start management and qualification.  Coordinated sponsorship and purchase plans between athletes and equipment manufacturers.  Maintained and designed specific equipment based on athletes individual disabilities.  Designed, set-up and managed events including National elite FIS disabled ski races and International World Cup disabled alpine ski races.         Educational Background      EXOS Performance Certification (XPS)     2017     EXOS (Formerly Athletes Performance   －   City  ,   State  ,   USA   Succesful Completion of EXOS Online Performance Certification       Registered Strength and Conditioning Coach Certification with Distinction     2016     National Strength and Conditioning Association   －   City  ,   State  ,   USA    Successful Completion of Requirements for NSCA - RSCC*D (with Distinction) for 10 year Industry Professionals with References        Registered Strength and Conditioning Coach Certification     2011     National Strength and Conditioning Association   －   City  ,   State  ,   USA    Successful Completion of Requirements for NSCA - RSCC for 5 year Industry Professionals Certification        Level IV Mentorship  ,   Sport Performance   2010     EXOS (Formerly Athlete's Performance)   －   City  ,   State  ,   USA    Successful Completion of First-Ever Class, Level IV AP Performance Mentorship        Certified Strength and Conditioning Specialist with Distinction     2009     National Strength and Conditioning Association   －   City  ,   State  ,   USA    Successful Completion of Requirements for NSCA - CSCS*D (with Distinction)        Level III Mentorship  ,   Sport Performance   2007     EXOS (Formerly Athlete's Performance)   －   City  ,   State  ,   USA    Successful Completion of Level III AP Performance Mentorship        Level II Mentorship  ,   Sport Performance   2006     EXOS (Formerly Athlete's Performance)   －   City  ,   State  ,   USA    Successful Completion of Level II AP Performance Mentorship        Certified Strength and Conditioning Specialist     2006     National Strength and Conditioning Association   －   City  ,   State  ,   USA    Successful Completion of NSCA - CSCS Certification        Level 1 Mentorship  ,   Sport Performance   2005     EXOS (Formerly Athlete's Performance)   －   City  ,   State  ,   USA    Successful Completion of Level I AP Performance Mentorship        Intern/Collaboration  ,   Sport Performance   2000     United States Olympic Committee   －   City  ,   State  ,   USA    Intern and Collaboration with USOC Sport Science with Paralympic Athletes in testing and evaluation for Sport Performance.        Levels 1+2 USSA Sport Science Certification  ,   Sport Science   1998     United States Ski and Snowboard Association   －   City  ,   State  ,   USA    Successful Completion of USSA Sport Science Levels 1+2        Alpine Coach Certifications     1996     United States Ski and Snowboard Association   －   City  ,   State  ,   USA    Completion of USSA Alpine Coaching Levels 1+2         Bachelor of Arts  ,   English/Communications   1992     New England College   －   City  ,   State  ,   USA     4-Year Member of the New England College NCAA D-1 Alpine Ski Team  4-Year Member of the New England College MCLA Men's Club Lacrosse Team         Affiliations      Ski and Snowboard Club Vail - Director of Human Performance, Director of the Minturn Fitness Center and Director of Education for part and full time on-site staff (124+ staff members annually)   EXOS (Formerly Athlete's Performance) - XPS, Level IV AP Mentor   NSCA CSCS*D RSCC*D - Former Colorado State Program Director and Present Performance Consultant and Presenter and Regional, National and International Clinics and Conferences.  KEISER Performance Consultant - Present Strategic Partnership with Keiser Corporation Consulting and Presenting on Equipment Usage and Program Design at National and International Conferences.  USSA Level 2 Alpine Coach, Level 2 Sport Science Coach and Level 2 Referee - Presently Consult, Present and Collaborate on Strength and Conditioning Performance and Education Programming for Junior and Elite Snow Sports Athletes with USSA Center of Excellence Staff.        Speaking Engagements       Featured Speaker: Keiser Power Summit - Toronto       Feb 2015  ""Block Power Training for Olympic Success""   Featured Speaker: Fortius Power Summit - Vancouver  Feb 2015  ""Periodization for Power Performance""   Keynote Speaker: Keiser Performance Summit - CA     Jan 2015  ""Utilization of Power Training for Performance""   Featured Speaker: NFL Combine - ID                             Feb 2014  ""Block Power Training for Olympic Success""   Featured Speaker: USSA Congress - UT                         May 2011   ""Performance Training for Club Programs""   Featured Speaker: NSCA Colorado State Clinic - CO    June 2010   ""Power in Young Athletes""    Featured Speaker: NSCA Arizona State Clinic - AZ         Oct  2009   ""Periodization Strategies for Power""    Featured Speaker: Denver University Sport Performance  Jun 2008   ""FMS: Why, Where and How"" FMS: Corrective Exercise Strategies""   Keynote speaker: PSIA Adaptive Copper Mt. Fall Clinics  Oct 2004   ""Building Strength and Conditioning Programming for the Paralympic Athlete""         Skills      High-Level Strategic Alliance skills including but not limited to: Networking, Collaboration, Sponsorship and Partnerships.  High-Level Leadership Skills including but not limited to: Recruiting and Hiring of Best-in-Industry Staff, Direction and Education of Staff, Problem-Solving and Evaluation of Staff.  Technology Usage at all levels with concentration in Sport Performance Technology, Testing and Evaluation Technology and MAC and Windows based programming.     ",Django Developer,"Desired Candidate :

1-3 yrs of hands on experience in developing Python and its popular frameworks like Django, Flask etc

Understanding The Business Process.

Experience developing and maintaining Python systems.

Roles & Responsibilities :

Design, build, and maintain efficient, scalable, reusable, and reliable Python code.

Writing clean, maintainable and efficient code.

Develop back-end components to improve responsiveness and overall performance

Integrate user-facing elements into applications

Test and debug programs

Job Types: Full-time, Volunteer

Salary: ₹400,000.00 - ₹700,000.00 per year

Benefits:

Cell phone reimbursement
Flexible schedule
Health insurance
Life insurance
Paid sick time
Schedule:

Day shift
Monday to Friday
Supplemental Pay:

Joining bonus
Performance bonus
Quarterly bonus
Experience:

work: 1 year (Preferred)
total work: 1 year (Preferred)
Python: 1 year (Preferred)
Education:

Bachelor's (Preferred)
WHATSAPP YOUR CV ON 87-91-85-23-57 HR TEAM

0.00-3.00 Years
Diploma",0.129
ADVOCATE,"         CONSULTANT           Accomplishments      Worked with Teach for India in conducting regular classes for under-privileged children as part of the CSR program at OSC Services.  Student Co-ordinator of the ILS Free Legal Aid Society for the years 2010-2012.        Experience      Consultant   04/2013       Company Name      Asset Finance - Drafting legal documentation necessary for cross-border aircraft financing and leasing transactions, with particular emphasis on clients based in the Asia Pacific region involving major global financial institutions, operating lessors and investment funds.  My experience includes acting for clients on commercial financings, operating leasing, aircraft sales, asset backed securitization and portfolio sales and financings.  Co-lead the Cape Town transactions support team comprising of 6 India qualified lawyers including transaction management, team management and providing subject matter expertise.          Senior Executive Compliance   01/2012   to   03/2012     Company Name      Acting as in-house counsel and preparing legal letters and notices and drafting and vetting service agreements, non-disclosure agreements, digital marketing partners engagement agreements, broker agreements, intermediary agreements, procurement agreements, employment contracts, licensing agreements etc.  Extending opinion and advises on host of operational, regulatory and legal issues concerning business operations.  Also responsible for preparing agendas for board meetings, preparing analysis reports, departmental summaries, performance summary of the company and drafting other communications as required by the management of the company.  Managing correspondence with the regulatory authority: drafting replies to show cause notices, maintaining record of communications, managing response and submissions to insurance regulators circulars and notifications.  16 May -14 June 2011	LAKSHMIKUMARAN & SRIDHARAN, Mumbai Legal research on Finance Act viz.  Importation of Services and Taxation of various Services, Operating Lease, Finance Lease and reversal of Cenvat Credit.  Preparing first draft of legal opinions and appeals to the Appellate Tribunal.  18 April - 14 May 2011	KHAITAN AND PARTNERS, Kolkata A team of three interns and an associate were involved in the study of legal formalities to be complied with by a foreign listed company willing to establish an office in India.  This involved an extensive research on Companies Act, Competition Laws and Securities and Compliance Laws, Securities and Exchange Board of India and Reserve Bank of India Acts, Rules and Guidelines and other Tax Treaties.  It further involved relevant case study and finally drafting roadmap documentation for establishing such business in India.  The final leg of the internship involved drafting standard documentation of various legal filings for permissions and company's incorporation documents which were then taken up for tailored amendments and execution by Senior Associates and Partners.  10 May - 28 May 2010	VAISH ASSOCIATES, Gurgaon The internship involved legal Research on Company Law, Joint Venture rules, Mergers and Acquisitions laws and Securities and Exchange Board of India Regulations and finally preparing a presentation on required filings, permissions, disclosures and minimum eligibility criterion.             05/2008   to   06/2008     Company Name      Delhi.  Mr.  Singh is a member on the committee of consultants on Indirect Tax Reforms.  The internship involved assisting a team of qualified stakeholders in research and preparing a report on the Value Added Tax provisions of the proposed Goods and Service Tax Bill by studying and identifying the provisions in the existing legislation which are impacting the ease of doing business as well as identifying the areas and provision of the Act for simplification in the light of existing jurisprudence.          Education      Post Graduation Diploma  :   Cyber Laws   2010       Asian School of Cyber   City         GPA:   1st Prize in Raghvendra Phadnis National Essay Writing Competition organized by ILS Law College, 2009.
*1st Rank in    Cyber Laws 1st Prize in Raghvendra Phadnis National Essay Writing Competition organized by ILS Law College, 2009.
*1st Rank in        Diploma  :   Human Rights and Law   2009       ILS Law College    GPA:   Awarded Certificate of Appreciation at the 1st LexTech pan Asian Law and Technology Essay Writing Competition on contemporary techno-legal issues organized by Gujarat National Law University.    Human Rights and Law Awarded Certificate of Appreciation at the 1st LexTech pan Asian Law and Technology Essay Writing Competition on contemporary techno-legal issues organized by Gujarat National Law University.             63.16       Qualifications	Board/University	Institute	Marks	
BSL LLB
(V Years Aggregate)	Pune University	I.L.S. Law College    Class XII	C.B.S.E	ITL Public School New-Delhi	89.2%
Class X	C.B.S.E	ITL Public School New-Delhi	88.8%        Interests    First at Zonal Level, Sell Your Product( Advertising) Competition, New-Delhi, West zone-2006 Gold Medal in Volleyball, at intra-school Sports Meet-2005 Second at Zonal Level, Folk Dance competition, New-Delhi, West Zone-2005 First at Zonal Level, Singing Competition, New-Delhi, West Zone-2004 I hereby declare that all the information given above is complete and correct to the best of my knowledge.           Sugandha kumar         Publications    Article published on the topic ""Microfinance Institutions: A Cost Benefit Analysis"" in LEXWITNESS, February 2012 issue at page 37.
*Article published on the topic ""Trading Activity and CENVAT Credit Rules"" in LEXWITNESS, August 2011 issue at page 41.
*Article published on the topic ""Child Soldiers victim of Armed Conflicts and War crimes: an issue related to International Humanitarian Law"" and also on the topic ""Custodial Interrogation And Human Rights"" in Abhivyakti, the College Annual Law Journal, 2010
*Presented Paper on the topic ""Online Transactions and Consumer Protection Issues"", in the Student Teacher Seminar organized by ILS Law College on 18 February 2010.      Additional Information      Awards and Achievements	
*College Researcher, for the Runners-up Team at the Lex Novitas National Moot Court Competition, V M Salgaocar College of Law, Goa 2011.
*Runners-Up in You(th) Speak at the South Asian Youth Peace Meet (Paper Presentation Competition), at Symbiosis Institute of Media and Communication, Pune, 2009-2010.  First at Zonal Level, Sell Your Product( Advertising) Competition, New-Delhi, West zone-2006 Gold Medal in Volleyball, at intra-school Sports Meet-2005 Second at Zonal Level, Folk Dance competition, New-Delhi, West Zone-2005 First at Zonal Level, Singing Competition, New-Delhi, West Zone-2004 I hereby declare that all the information given above is complete and correct to the best of my knowledge.           Sugandha kumar         Skills    business operations, C, contracts, Credit, clients, documentation, Drafting, Finance, financing, financial, funds, insurance, Law, legal, legal Research, letters, Managing, marketing, meetings, Mergers and Acquisitions, Exchange, office, procurement, research, sales, Securities, Tax, team management   ",Backend Developer,"Design and Build sophisticated and highly scalable apps using Flutter.
Build custom packages in Flutter using the functionalities and APIs already available in native Android and IOS.
Translate and Build the designs and Wireframes into hight quality reaponsive UI code.
Write efficient queries for core Data.
Use of Model-View-Controller ( MVC) and Model-View-ViewModel-Controller (MVVM) as it relates to designing, developing architecture and developing maintainable, testable and functional software that meets product requirements.
Explore feasible architectures for implementing new features.
Resolve any problems existing in the system and suggest and add new features in the complete system.
Suggest space and time efficient Data Structures.
Follow the best practices while developing the app and also keeping everything structured and well documented.
Use CI/CD for smooth deployment.
Document the project and code efficiently.
Manage the code and project on Git in order to keep in sync with other team members and managers.
Communicate with the Project Manager regarding status of projects and suggest appropriate deadlines for new functionalities.
Ensure security guidelines are always followed while developing the app.
Validate the cloud system to ensure any new changes do not compromise security of the backend server.
Suggest new features and/or enhancements.
Consulting with our customer facing representatives about software system design and maintenance.
Interact with the Clinical Specialists and Product Manager to help understand end-user feedback.
Maintaining software through product lifecycle including design, development, verification and bug fixes.
Connect regularly with the Quality Assurance Specialist to deliver stable app.
Resolve all the bugs reported by the Quality Assurance Specialist in a timely manner.
Perform time profiling and memory leaks assessment.
Execute app verification protocol.
Write tests for the App.
Following company policies and quality procedures to ensure quality product deliverables.
Requirements:
Must Have:
Flutter: To build cross platform mobile apps for Android, IOS and Web. This should include from making responsive UIs to efficiently query data and also mange states in an optimized mannner.
Native Android and IOS: To build custom Flutter Packages.
Firebase: Should have experience with Cloud Firestore, Push Notifications, Cloud Functions and Analytics.
Adobe XD: Should know how to use Adobe XD to use the design file and use it to build the app.
Git: To manage and collaborate in different projects with the rest of the team.
Good To Have:
Angular
Bootstrap
JavaScript
Expected Start Date: 2/11/2020
Job Type: Full-time
Salary: ₹30,000.00 - ₹50,000.00 per month
Supplemental Pay:
Performance bonus
Experience:
software development: 1 year (Preferred)
total work: 1 year (Preferred)
java: 1 year (Preferred)
Education:
Bachelor's (Preferred)
Work Remotely:
Temporarily due to COVID-19",0.148
FITNESS,"         SALES ASSOCIATE       Objective    To obtain a position with a growing company while promoting quality customer service and performing tasks provided efficiently.      Core Strengths          Approachable  Flexible  Dedicated team player  Reliable and dependable              Work Experience     04/2016   to   Current     Personal Trainer & Fitness Instructor    Company Name   -   City  ,   State      Suggested exercise modifications to individual students to avoid strain and.  injury.  Teach Circuit classes, Advanced Dance Fitness, and a Booty Builder class         06/2015   to   04/2016     Fitness Instructor    Company Name   -   City  ,   State      Taught Dance Fitness, Spin and Power.  Designed each class to match the skill and learning levels of all participants.  Cleaned and organized studio after each group fitness class.         03/2015   to   03/2016     Vista Representative    Company Name   -   City  ,   State      Helped underemployed, unemployed, and undergraduates further their  education through Continuing Education programs.    Proctored C.R.C (  Career Readiness Career ) Testing     Helped with unemployment filing and weekly certification          02/2014   to   02/2015     Sales Associate    Company Name   -   City  ,   State      Team player mentality		Fitness programming specialist Verbal/written communication		Zumba instructor Time Management	Nutrition supplement familiarity Opened and closed the store, including counting cash, opening and closing cash registers and creating staff assignments as well as shared product knowledge with customers while making personal recommendations to meet that specific need.          Educational Background     2012     High School Diploma  :   General Studies    Corinth High School   -   City  ,   State  ,   United States    Teach Dance Fitness, Circuit Training, and Spin General Studies       2017     Associate of Arts  :   Business Administration Accounting    Northeast MS Community College   -   City  ,   State      Business Administration Accounting        Skills      Cash handling     Professional and friendly     Positive attitude and energy  Quality customer service  ?    ",Java Developer,"Who we are:

AdvisoryWorld Financial Technology, a subsidiary of LPL Financial, provides investment advisors and other financial professionals with advanced analytics and tools to improve their business outcomes and best serve their clients.

To apply you must have/be:

Local to San Diego or Austin, or remote from the Los Angeles area
5+ years of professional software development experience
Full-stack development expertise with Java, Spring, HTML, CSS, Javascript, and SQL
Bachelors of Science (BS) degree in computer science or a related field
Legally authorized to work in the USA, as this position will not provide visa sponsorship at the moment

You also are/have:

A demonstrated understanding of efficient code (i.e., data structures, algorithms, and design patterns)
Experience with service-oriented architectures using SOAP and REST
Comfortable with modern front-end technologies such as HTML5, CSS3, SASS, ECMAScript 6, TypeScript, Webpack, NPM, Grunt, and Babel
Familiarity with UI frameworks such as AngularJS, Angular, React, or Vue.js, and an understanding of responsive design
A good understanding of SQL and databases, particularly MySQL
Experience with Linux, as well as development tools such as Maven, Git, and JIRA

What you will do:

This Senior Full Stack Java Developer role will have a significant impact on the entire SDLC including requirements gathering, design, development, implementation, and maintenance.

Develop high quality, secure, scalable, web-based software in an Agile environment
Demonstrate an ability to rapidly deliver new product development
Champion clean code and elegantly simple design
Work collaboratively in a team to understand and deliver on our clients’ needs

Why LPL?

At LPL, we believe that objective financial guidance is a fundamental need for everyone. As the nation’s leading independent broker-dealer, we offer an integrated platform of proprietary technology, brokerage, and investment advisor services. We provide you with a work environment that encourages your creativity and growth, a leadership team that is supportive and responsive, and the opportunity to create a career that has no limits, only amazing potential.

We are one team on one mission. We take care of our advisors, so they can take care of their clients.

Because our company is not too big and not too small, you can seize the opportunity to make a real impact. We are committed to supporting workplace equality, and we embrace the different perspectives and backgrounds of our employees.We also care for our communities, and we encourage our employees to do the same. This creates an environment in which you can do your best work.

Want to hear from our employees on what it’s like to work at LPL? Watch this!

We take social responsibility seriously. Learn more here

Want to see info on our benefits? Learn more here

Join the LPL team and help us make a difference by turning life’s aspirations into financial realities. Please log in or create an account to apply to this position. Principals only. EOE.

Information on Interviews:

LPL will only communicate with a job applicant directly from an @lpl.com email address and will never conduct an interview online or in a chatroom forum. During an interview, LPL will not request any form of payment from the applicant, or information regarding an applicant’s bank or credit card. Should you have any questions regarding the application process, please contact LPL’s Human Resources Solutions Center at (800) 877-7210.",0.188
TEACHER,"         ASSISTANT TEACHER           Summary     Teacher's Aide who has lovingly taught 8 children, ages 0 through 18 months. Thorough in guiding children through a variety of daily activities and making sure the curriculum is age-appropriate and fun.  Dependable and reliable worked others shifts when they couldn't make it to work.       Highlights          Charting and recordkeeping  Child abuse prevention  Understands developmental disorders  Active listener  First aid certificate      Basic clerical knowledge  Reliable and punctual  Friendly  Cheerful and energetic  Teamwork oriented  Housekeeping            Experience      Assistant Teacher    November 2014   to   October 2015     Company Name   －   City  ,   State      Assistant TeacherSanitized all toys and play areas daily.  Maintained a safe, clean and constantly supervised play environment.  Supported children's emotional and social development with one-on-one attention.  Prepared, served and cleaned up daily meals for 8 children.  Used read-aloud time and alphabet games to promote early literacy.  Used clear communication and professionalism to develop constructive relationships with families.  Clearly communicated to children in developmentally appropriate way.  Carefully supervised children in play area.  Instructed children in health and personal habits including eating, resting and toilet habits.          Cashier, Hostess, Salad Bar Person    November 2006   to   January 2009     Company Name   －   City  ,   State      Accepted payment from customers and made change as necessary.  Assisted diners with seating as needed   Assisted co-workers.   Cleaned and prepared various foods for cooking or serving   Cleaned bars, work areas, and tables   Cleaned and maintained the beverage area, display cases, equipment, and order transaction area   Cleaned up spilled food, drink and broken dishes, and removed empty bottles and trash   Greeted customers in the restaurant or drive-thru, took and rang up orders, handled payment and thanked customers   Performed serving, cleaning, and stocking duties in establishments  Prepared coffee-based and other beverages on request; serve prepared pastries and other food items   Used all food handling standards   Washed, peeled, cut, and seeded fruits and vegetables   Compiled and maintained records of food use and expenditures  Prepared the buffet and salad bar for dinner service.   Continually kept carpets and floor clear of debris.   Received frequent customer compliments for going above and beyond normal duties.          Cashier, Hostess, Salad Bar Person    July 2004   to   September 2006     Company Name   －   City  ,   State      Accepted payment from customers and made change as necessary.  Assisted co-workers.   Assisted diners with seating as needed   Cleaned and maintained the beverage area, display cases, equipment, and order transaction area   Cleaned and prepared various foods for cooking or serving  Cleaned bars, work areas, and tables  Cleaned up spilled food, drink and broken dishes, and removed empty bottles and trash  Greeted customers in the restaurant or drive-thru, took and rang up orders, handled payment and thanked customers  Greeted guests and sat them at tables or in waiting areas  Kept drink stations clean and ready for service  Prepared coffee-based and other beverages on request; serve prepared pastries and other food items  Prepared food items such as sandwiches, salads, soups, and beverages  Stocked supplies in serving stations, cupboards, refrigerators, and salad bars  Stored clean equipment and utensils  Used all food handling standards  Washed, peeled, cut, and seeded fruits and vegetables  Communicated with customers regarding orders, comments, and complaints  Compiled and maintained records of food use and expenditures  Provided customers with product details, such as coffee blend and preparation descriptions  Prepared the buffet and salad bar for dinner service.  Continually kept carpets and floor clear of debris.  Maintained a professional tone at all times, including during peak rush hours.  Received frequent customer compliments for going above and beyond normal duties.           Owner, receptionist, Sales    April 2001   to   December 2003     Company Name   －   City  ,   State      Managed the receptionist area, including greeting visitors and responding to telephone and in-person requests for information.  Maintained the front desk and reception area in a neat and organized fashion.  Made copies, sent faxes and handled all incoming and outgoing correspondence.  Issued 8 paychecks to vendors and suppliers on a bi-weekly basis.  Handled cash and deposits using the proper accounting procedures and documentation.   3years of office experience.  Addressed negative customer feedback immediately.Kept records of room availability and guests' accounts, manually or using computers.  Kept records of room availability and guests' accounts, manually or using computers.  Monitored daily banking transactions.  Worked quickly and efficiently, with minimal oversight, to accomplish assigned duties.  Recommended and helped customers select merchandise based on their needs.  Exchanged returned merchandise for customers quickly and efficiently.  Opened and closed the store, including counting cash, opening and closing cash registers and creating staff assignments  .Demonstrated that customers come first by serving them with a sense of urgency.  Maintained friendly and professional customer interactions.  Worked as a team member to provide the highest level of service to customers.          Education      Associate of Science   :   Computer Information Science AS  ,   2017    Everest University Online   －   City  ,   State  ,   US     Recipient of Zenith Grant,           Social Work      University of North Dakota   －   City  ,   State       I got Credits and I finished most of my Liberals  08/2012 - 05/2014 I did alot of classes for Social Work           Business      Northland Community and Technical College   －   City  ,   State       I took alot of classes for Office Assistant and did Liberals too.                            08/2008 - 05/2014         Skills        People skills   enthusiastic people person,   problem-solving   organizational skills     ",Node js developer,"Yo Corp. is a data communications and security company. We are looking for a dedicated Node.JS developer who is proficient in React. This is a remote opportunity.
Required qualifications*
2+ years of professional software development in Node.js
2+ years of professional software development in React
Experience documenting and testing RESTful APIs
Experience working with databases such as MySQL, MongoDB
Experience and enthusiasm for working collaboratively with others in an Agile environment
Additional skills (not required)*
PHP,
Cake PHP
JQuery
Knowledge in Amazon Web Services.
Job Type: Full-time

Pay: ₹1,000,000.00 - ₹1,200,000.00 per year

Experience:
React JS: 1 year (Required)
Node JS: 1 year (Required)
Education:
Bachelor's (Preferred)",0.045
HEALTHCARE,"         SENIOR DIRECTOR OF BUSINESS OPERATIONS - HEALTHCARE         Executive Profile     Operations Executive with solid experience demonstrating strong leadership to achieve overall corporate goals and objectives in fast-paced, high growth organizations.       Skill Highlights          Strategic Planning  Budgeting  Multi-million dollar P&L Management  Operations Management      Budgeting expertise  Leadership/communication skills  Professional Services Management  Total quality management            Professional Experience      Company Name    City  ,   State    Senior Director of Business Operations - Healthcare   09/2011   to   Current      Accountable for managing business operations for Nuance Healthcare a $1B division of Nuance  Oversee forecasting for the Healthcare division by tracking pipeline to bookings and revenue, accuracy rate within 5% on a quarterly basis  Continuous implementation of operational best practices across the various Lines of Business that drive to a common process and output, result is displayed on key metrics dashboards  Driver of operational cadence within the division which includes managing/participating in quarterly business reviews, oversee fiscal budgeting cycle, and multi-year planning analysis  Partner with leadership to manage the divisional p&l and partake in driving cost efficiencies. In FY14 this resulted in reducing the operating budget by $2M driving through cost efficiency program reducing waste and increasing productivity in several areas of the division  Nominated as High Performer and awarded Chairmans club for 2012 & 2014 results         Company Name    City  ,   State    Vice President of Professional Services   06/2006   to   08/2011      Led the client implementation talent team that consisted of eight direct reports, and two hundred plus implementation consultants, including a Global Services team in Pune, India  Accountable for connecting the community of subject matter experts by ensuring they had the proper training, tools, and coaching to deliver successful project results ultimately leading to superb client satisfaction  Scaling and hiring one hundred and fifty plus of the best implementation talent resources to meet the demands of our client commitments associated with Meaningful Use  Engaged with team/clients at implementations and go-lives sites to ensure project time lines and clients were satisfied with service levels         Company Name    City  ,   State    Vice President of Professional Services Operations   08/2006   to   06/2010      Prior to the Allscripts merger, drove $100M in Services revenue with an average deal size of $750k division P&L with oversight to a $200M pipeline as a key leader for the Professional Services Organization  Participated in an organizational design for the division that reduced $7M of cost or ten percent on an annual basis and increased billable utilization 5%  Oversaw operations by holding people accountable to key metrics such as utilization, headcount, and revenue in order to achieve P&L profitability  Developed an exclusive partnership program with key strategic partners who were instrumental in augmenting our staff to deploy our software  Strong P&L management, prior to moving over to Professional Services division, oversaw Eclipsys's $400M P&L as Director of FP&A reporting to the CFO  Managed company fiscal planning cycle that ensured company profitability and three year outlook         Company Name    City  ,   State    Associate Director Finance   05/2005   to   08/2006      Directed financial operations for General Motors, Wyeth, and additional client accounts  Accountable for monthly, quarterly close, development of monthly, quarterly financial forecasts, pricing, margin analysis, and fiscal planning  Managed a team of six employees to achieve corporate goals and initiatives. Interacted with various organizations and levels of management presented financial forecasts, margin, and reporting➢   Strategically aligned with senior leadership to establish 2006 budgets with General Motors during a difficult financial time for the client  Built complex financial models to identify utilization, staffing, pricing, and margin for ongoing and potential projects, presented results and findings to various levels of management         Company Name    City  ,   State    Finance Manager   11/1998   to   05/2005      Supported numerous divisions within Comverse where final area of concentration was managing Americas region (North & South); $250 million in revenue  Oversaw day to day operations and guided finance teams responsible for managing their region  Provided financial / margin analysis, business models, drove cost controls, staffed regional offices, implemented processes and procedures to manage day to day operational activities  Achieved $7 million dollar cost savings by collaborating with other divisions for unused and available hardware ➢ Supported regional subsidiaries and interfaced with local banks, customers, accounting firms, and legal counsel within Latin America. Implemented financial controls, negotiated with country distributors, and collaborated with country counsel on various labor tax issues  Collected $10M worth of outstanding accounts receivable in Latin America during a difficult economic time in the region  Selected to the 2001 ""Achiever's Club"", Comverse's highest level of recognition, and received Comverse Sales All Star Award 2002 - 2004          Education      MBA  :  Business Administration    University of Massachusetts at Lowell -Manning School of Business   ,   City  ,   State  ,   USA            Bachelor of Arts  :  Sociology    University of Massachusetts at Lowell  ,   City  ,   State  ,   USA            Skills      Salesforce.com, Oracle, Clarity PPM Tool, MicroSoft Office, various other systems  Strategic Management - Harvard Extension     ",Backend Developer,"Responsibilities and Duties :
Developing, deploying and maintaining PHP based web applications.
Create solutions for the backend systems to support of users.
Deploy the web applications on various types of production environment (Linux, Windows servers etc).
Work in coordination with frontend developers in designing architecture and implement designing strategy
Understand the database architecture and provide necessary optimization of the same.
Review/Improve upon current processes/methodologies.
Monitoring development activities and reporting project progress
Required Experience, Skills and Qualifications :
Must have 4-5 years of experience in developing web applications using core PHP and Wordpress.
Must be knowledgeable/have experience working on AWS Server (Certification preferred).
Solid knowledge of AJAX, JavaScript, HTML, CSS3, Boostrap.
Sound Knowledge of web deployment concepts, web services such as REST and SOAP APIs.
Expert knowledge of MySQL and database technologies.
Experience with MVC and OOP design patterns.
Job Type: Full-time
Salary: ₹300,000.00 - ₹650,000.00 per year
Schedule:
Day shift
Experience:
PHP: 4 years (Required)
Application Question:
Do you have experience of working on AWS?
Work Remotely:
Temporarily due to COVID-19",0.197
PUBLIC-RELATIONS,"         PRESIDENT       Executive Profile    Media relations pro with compelling pitching skills, delivering top tier media and publicity results for clients. Placed media stories in thousands of international venues across multiple continents, including the Wall Street Journal, Forbes, People, Sports Illustrated, USA Today, Time and Newsweek. Booked client appearances on NBC's Today show, The Tonight Show with Jay Leno, David Letterman, Good Morning America, Oprah, and many more. Excellent written, verbal and interpersonal communicator, proficient in creating quality written material, with published articles and bylines in dozens of magazines and media outlets. Large-scale international special events management, positioning and publicity expert for Future Capitals World Summit & Expo (Abu Dhabi), the World Summit on Innovation & Entrepreneurship (WSIE, Dubai), the US-Arab Economic Forum with Colin Powell (USA), and more. Bi-culturally insightful strategist,  delivering marketing communications programs  that support growth in international markets, with experience in the Middle East & North Africa (MENA) regions, and in Central America. Innovative branding executive and savvy  problem-solver for regional, national and international clients across multiple industries, including  economic development, travel & tourism, government, energy, technology, education, financial, healthcare, and sports & entertainment. SKILLED MARKETING COMMUNICATIONS STRATEGIST AND PUBLIC RELATIONS EXECUTIVE with significant and progressive experience developing, managing and executing integrated marketing and PR campaigns for a broad range of regional, international and global clients, industries and events. Proven leader in brand development, project management, international media relations, multi-cultural marketing, special events, team building, and collateral development. Partial Client List Global Organizations Sports Marketing Healthcare PPD Clinical Research Facility, Pfizer, American Institute of Healthcare & Fitness, Medical College of Ohio, Environmental Health Perspectives Financial Capital Bank, Fifth Third Bank Government, Travel, and Tourism Environmental Health Perspectives magazine, Michigan Economic Areas of Expertise Marketing Communications Strategy Corporate Communications Brand Development & Auditing Brand Message & Image Development Multi-Cultural Marketing Special Events & Launches Project & Team Management Idea Generation Public Relations Campaigns Regional, National & Global PR Publicist & Company Spokesperson Press Conferences & Media Tours Media Training & Development Collateral Writing & Development Website Content Social Media Strategy & Content         Core Accomplishments      Directed all PR efforts, including organizing press conferences, managing special promotions, serving as media spokesperson, managing celebrity appearances and writing media releases, sponsorship, and grant proposals.  Managed media relations, sponsor relations, merchandising, co-op advertising, television syndication and sponsor fulfillment.  Successfully pitched and placed a remote feature on The Today Show, and won a Gold Award for the ""Best Press Kit"" from the International Festivals and Events Association (IFEA).        Professional Experience      President     Jan 2006   to   Current      Company Name   －   City  ,   State     An independent marketing & PR practice helping SMEs meet their business needs.  Conduct brand audits and develop results-driven business strategies to help clients define, manage and reach their business goals.  Develop and execute integrated marketing communications programs, special events and PR campaigns for multiple clients in various industries.  Provide creative oversight and development of key messaging, brand image, Web site content, and marketing collateral to effectively position clients among the media and their target audiences.         Vice President     Jan 2011   to   Jan 2012      Company Name   －   City  ,   State     A Startup company formed to capitalize on a constitutional amendment in Honduras that allowed the creation of new cities with semi-independent governance systems.  Developed strategic marketing communications campaign and multi-cultural messaging for key audiences and international media to facilitate cross-national communication and ensure global awareness of the project.  Created innovative community relations program and bi-lingual presentation to engage and nurture relationships with Honduran president and government officials, business leaders, and select media in Tegucigalpa.  Managed vendors and provided creative oversight for brand development, logo, Web site development and content, and PR partners in Central America.         Director of Brand     Jan 2004   to   Jan 2007      Company Name   －   City  ,   State     A full service marketing agency, offering public relations, advertising, and design.  Developed brand strategy and award-winning PR campaigns for the agency and its clients in the fields of healthcare, financial services, sports marketing and business to business services.  Managed the PR staff and budget, and worked closely with company president to position and launch their sports marketing division.  Improved company's market position by successfully introducing and managing the market planning and RFP processes for agency clients.  Continued.         Director of Public Relations & Agency Associate     Jan 2000   to   Jan 2004      Company Name   －   City  ,   State     Worked with president and chairman of an international chamber of commerce to enhance economic exchange and cultural understanding between public and private sectors in the US and Middle East & North Africa (MENA).  Helped company expand from vertical to horizontal markets by conducting a brand audit, brand and positioning refresh, identifying and developing profit centers, standardizing event and sponsorship structures, and favorably positioning the chamber in the international media.  LINK Led worldwide media relations efforts and facilitated network media interviews and press conferences resulting in nearly 40 million media impressions globally for The US-Arab Economic Forum's flagship event.  Worked with participating foreign ministries and government officials from the Middle East, and, the US state department and homeland security, as well as dozens of c-level executives of Fortune 500 companies including HP, Boeing, Microsoft, Cisco, OPEC, ConocoPhillips, ExxonMobile and others.  LINK Developed and executed a public relations campaign and grand opening event for professional sports venue and event stadium Ford Field in Detroit.  Created and executed a Tasting Event targeted at non-sports related conference and special event planners which generated a total of 400 leads, and resulted in nearly $5 million in revenue booked within the first six weeks after opening.  LINK Page 2 of 2 Professional Experience, cont.  A full service marketing agency, offering public relations, advertising, and design.  Developed effective communications strategies and PR campaigns for multiple events and clients in the government, economic development, travel and tourism and education sectors.  Grew the PR division and staff by managing department budget and goals, leading client presentations for new PR business pitches and RFP's, and developing a media training program.  Collaborated with multiple teams within the agency to integrate marketing efforts with PR, and was appointed to an Agency Associate team to assess and raise awareness of important interdepartmental issues and development initiatives to the senior partners.         Publicist & Director of Marketing     Jan 1996   to   Jan 2000      Company Name   －   City  ,   State     A private agent and lawyer representing the careers of select professional athletes.  Served as primary media contact, publicist and image strategist to shape and protect the brand images of World Figure Skating Champion Michelle Kwan and Olympic Gold Medal Gymnast Mary Lou Retton.  Managed all details of public and media appearances including TV appearances, book tours, photo shoots, press conferences, and commercials, and developed all marketing collateral, videos, media kits, book excerpts, scripts and speeches.  Successfully pitched Michelle Kwan for People magazine's ""50 Most Beautiful"" issue, and two issues of Sports Illustrated's exclusive Father's Day Issue.         Director of Public Relations     Jan 1992   to   Jan 1996      Company Name   －   City  ,   State     A special events company of 10 full-time employees and 1400 volunteers who producing Michigan's two largest civic events: America's Thanksgiving Parade and the International Freedom Festival & Fireworks, each attracting well over a million people.         Education      Master of Science  ,   Administration Business, Marketing    Central Michigan University   －   City  ,   State     Administration Business, Marketing       Bachelor of Applied Arts  ,   Journalism & Public Relations, Broadcasting   Journalism & Public Relations, Broadcasting       Skills    photo, advertising, Agency, book, brand strategy, brand development, budget, bi, business strategies, c, Cisco, community relations, conferences, client, clients, special events, financial, Fireworks, government, HP, image, logo, managing, market planning, marketing, market, marketing collateral, marketing communications, media relations, media training, messaging, exchange, network, positioning, presentations, press, PR, processes, producing, profit, public relations, publicist, RFP, scripts, speeches, strategist, strategic marketing, TV, Web site development and content, Web site content      Professional Affiliations    National Association of Women Business Owners Public Relations Society of America Adcraft Club Michigan Festivals & Events Association International Festivals & Events Association    ",iOS Developer,"Working experience in iOS development.
Proficient with Swift, and Cocoa Touch.
Have published one or more iOS apps in the app store.
Experience working with iOS frameworks such as Core Data, Core Animation, Core Graphics and Core Text.
Experience with third-party libraries and APIs.
Working knowledge of the general mobile landscape, architectures, trends, and emerging technologies.
Solid understanding of the full mobile development life cycle.",0.11
ARTS,"         FULL TIME STUDENT/INTERN       Summary    Tank Platoon Sergeant with twenty-four years of dedicated military service with the U.S. Army; two years' experience as a qualified trainer and instructor at the U.S. Army Armor School; successfully managed diverse groups of employees. My present position has facilitated the learning of the importance of providing timely support and services while managing a multitude of tasks. Assisted in the conduct of program orientations for large and small groups, complete individual mentoring of students, analyzed and synthesized data and information, wrote clear and concise reports, and effectively communicated with the staff, students and many members of a multidisciplinary team. Career supported by a recent completion of a Bachelors' Degree in Social Work. Team Building Personnel Management Inventory/Supply Management Time Management Training Evaluation Safety/Risk Management Inner-agency Coordination Training and Development Policy Implementation Needs Assessment Curriculum Development Organization/Communication Research/Analysis Microsoft Word, Power Point, Excel         Accomplishments      Graduated with Honors with a 3.69 GPA from the University of Louisville with a Bachelor's Degree in Social Work. Completed 560 hours of Social Work Practicum Internship with the Fort Knox Warrior Transition Center.   BSW Cum Laude - 2015  Bronze Star/Meritorious Service Medal (2)/ARCOM (11)/AAM (7)/Overseas Service Medal (4)/National Defense (2)/NCO Professional Development Ribbon (4)/Southwest Asia Service Medal/Liberation of Kuwait/Defense of Saudi Arabia/Operation Iraqi Freedom/Korean National Defense Ribbon/Army Service Ribbon        Experience      Full Time Student/Intern     Jan 2013   to   Jan 2015      Company Name        Graduated with Honors with a 3.69 GPA from the University of Louisville with a Bachelor's Degree in Social Work. Completed 560 hours of Social Work Practicum Internship with the Fort Knox Warrior Transition Center.         Associate of Arts Degree Conferred     May 2011   to   Dec 2012      Company Name              Instructor/Writer AOBC     Jan 2009   to   Jan 2011      Company Name   －   City  ,   State    Primary instructor with an Army Training Program for the Active Component (AC) and Reserve Component (RC) on virtual simulations for Convoy Operations, anti-Ambush procedures, and additional training scenarios. Trained and evaluated the organizational effectiveness of units using virtual or constructive simulations. Planned and conducted training exercises in support of Army National Guard and Reserve Component units preparing for movement overseas. Made recommendations for training support package development change, additions and deletions based on new guidance and policy. Designed, developed, proofed and implemented constructive simulation training exercises. Advised organization managers, supervisors and instructors on the methodology and instrumental procedures needed for training and evaluations. Developed, evaluated, and analyzed written and oral performance diagnostic evaluations, conducted counseling and remedial instruction. Planned, coordinated, and supervised the daily activities of five staff members supervising a personnel holding organization of over 120 personnel. Supervised operations, and liaison activities; wrote routine and special reports, commendations, and operations plans. Prepared and edited training plans and coordinated and implemented training programs; directed on-the-job training. Assisted in briefings, presentations, and presenting instruction to large groups. Provided formal and informal counseling to individuals and groups; maintained computerized data file on past and future planned activities; provided daily briefing to staff members; and maintains computerized personnel data files, job evaluations, and awards. Provided professional training sessions to over 260 junior level managers (Armor and Cavalry officers); coordinated inter-agency usage of various training aids and facilities. Ensured lesson plans, training materials, and equipment required for training were present, current, and operational to teach assigned units of instruction.         Education      BSW  ,   Social Work   2015     University of Louisville          University of Louisville BSW Cum Laude - 2015        Associate Arts  ,   Under Graduate Studies   2012     Central Texas College          Central Texas College Associate Arts - 2012        Presentations     Planned, coordinated, and supervised the daily activities of five staff members responsible for over 120 personnel. Supervised operations, and liaison activities; wrote routine and special reports, commendations, and operations plans. Prepared and edited training plans and coordinated and implemented training programs; directed on-the-job training. Assisted in briefings, presentations, and demonstrations presenting instruction to small and large groups of service members and their families.       Skills     Training, Operations, Instructor, Simulation, Liaison, Training Programs, Case Management, Armor, Instructional Training, Testing, Associate, Excel, Inventory, Mentoring, Microsoft Word, Needs Assessment, Personnel Management, Risk Management, Team Building, Time Management, Trading, Word    ",Wordpress Developer,"We are seeking a WordPress Developer responsible for both back-end and front-end development, creating WordPress themes and plugins, implementing new core WordPress features, review and enhancement of existing theme / plugin code and integration of WordPress with existing web applications.

Desired Experience and Skills
1 Should have minimum 6 months – 2 year experience with Wordpress development.
2 Working knowledge of Core PHP, MySQL, HTML5, CSS3, Javascript, JQuery.
3Knowledge of how to interact with RESTful APIs and formats (JSON, XML)
4 Efficiency in wordpress backend customization
5Knowledge of hooks & filter in wordpress
6Object oriented programming using PHP is a plus.
7 Problem solving skills.
8Self motivated.
9 Ability to meet the timeline.
10 Able to work independently or in a team, in a fast paced environment.
11 Must have good communication skills.",0.159
HEALTHCARE,"         CERTIFIED PERSONAL TRAINER           Professional Summary       Certified Personal Trainer     4+ years of experience with formal training in business development, leadership, health and fitness. Extensive sales and customer service experience.Passionate about designing exercise and nutrition plans to maximize workout efficiency, improve fitness, boost stamina and increase overall well being. Very Goal-oriented and self-motivated with talent in motivating others and developing a foundation to meet individual client goals, And most important of all creating a warm environment in which clients of all ages can successfully achieve health and wellness goals.       Core Qualifications           Fitness      ISSA Certified  CPR and First Aid certified  AED certification  Weight management expert  Personable and friendly  Fitness programming specialist  Fitness assessments  Understanding of human anatomy        Construction      OSHA Certified    NCCER Certified  Permit processing  Safe job site set-up  Power and hand tool operation  MS Office proficient  Organized and detail-oriented  Superb management skills  Leadership  Construction machinery operation  Strong communication skills  Detail-oriented  Friendly and hardworking            Experience      Certified Personal Trainer    February 2014   to   Current     Company Name   －   City  ,   State      Taught clients how to modify exercises appropriately to avoid injury.  Assisted older adults with weight training programs by setting up equipment and providing detailed instructions.  Contributed to the operation of a clean, friendly and well maintained health club.  Recorded training sessions and maintained package rates for each client.  Guided clients in safe exercise, taking into account individualized physical limitations.  Encouraged clients to engage in group fitness classes and other activities in the gym to meet fitness goals.  Arrived on time, prepared and attentive for every training appointment.  Participated in club promotions to recruit new members and increase club sales.  Re-racked weights to maintain a neat, organized and clean club.  Devised and announced new classes and distributed guest passes to market the club.  Led weekly meetings to review performance and offer direction, motivation and guidance toward achieving individual and facility goals.  Counseled clients on proper nutrition and exercise habits.  Administered fitness assessments,          Utility Supervisor    January 2014   to   December 2014     Company Name   －   City  ,   State      Plan work schedules and assign duties to maintain adequate staff for effective performance of activities and response to fluctuating workloads.  Review work throughout the work process and at completion to ensure that it has been performed properly.  Collaborate with workers and managers to solve work-related problems.  Resolve personnel problems, complaints, or formal grievances when possible, or refer them to higher-level supervisors for resolution.  Transmit and explain work orders to laborers Assess training needs of staff and arrange for/or provide appropriate instruction.  Conduct staff meetings to relay general information or to address specific topics, such as safety.  Evaluate employee performance and prepare performance appraisals.  Perform the same work duties as those supervised or perform more difficult or skilled tasks or assist in their performance.  Prepare and maintain work records and reports of information such as employee time and wages, daily receipts, or inspection results.  Inspect equipment for wear and for conformance to specifications and determine extent of maintenance or repairs needed.          Personal Trainer    April 2012   to   November 2013     Company Name   －   City  ,   State      Instruct participants in maintaining exertion levels to maximize benefits from exercise routines.  Offer alternatives during classes to accommodate different levels of fitness.  Plan routines and choose different movements for each set of muscles, depending on participants capabilities and limitations.  Evaluate each individuals abilities, needs, and physical conditions, and develop suitable training programs to meet any special requirements.  Monitor participants progress and adapt programs as needed.  Explain and enforce safety rules and regulations governing sports, recreational activities, and the use of exercise equipment.  Provide students with information and resources regarding nutrition, weight control, and lifestyle issues Administer emergency first aid, wrap injuries, treat minor chronic disabilities, or refer injured Plan physical education programs to promote development of participants physical attributes and social skills.  Teach individual and team sports to participants through instruction and demonstration, utilizing knowledge of sports techniques and of participant's physical capabilities.  Organize, lead, and referee indoor and outdoor games such as volleyball, baseball, and basketball.  Conduct therapeutic, recreational, or athletic activities.          Home Healthcare Provider    April 2011   to   November 2012     Company Name   －   City  ,   State      Administer bedside or personal care, such as ambulation or personal hygiene assistance.  Prepare and maintain records of client progress and services performed, reporting changes in client condition to manager or supervisor.  Provided primary resident care and assistance with daily living activities.  Provided caring companionship to elderly and developmentally disabled patients.  Worked as part of team to execute proper care of body mechanics and safety of patient.  Provided on-call care at all times of day and night.  Provided quality nursing care in accordance with resident care policies and procedures.  Utilized strong assessment skills to determine necessary patient care.  Tested patients' blood glucose levels.  Evaluated health education needs of patients and provided necessary training and instruction.  Processed monthly reports for department performance.  Educated patients about their treatments.  Cleaned and sterilized instruments and disposed of contaminated supplies.          Education      High School Diploma   :     2011    Angleton High School   －   City  ,   State  ,   United States     Qualified for State Choir solo ensemble   Overall improvement award  Played in Life as A Techie  Played as Mushnik in The Little Shop of Horrors            Nursing      Alvin Community College   －   City  ,   State  ,   United States            Skills     Can lift up to 100 lbs.   Knowledgeable computer skills in Microsoft word and Power Point  Music Production  Film/Act/Direct    ",Java Developer,"JPMorgan Chase & Co., one of the oldest financial institutions, offers innovative financial solutions to millions of consumers, small businesses and many of the world's most prominent corporate, institutional and government clients under the J.P. Morgan and Chase brands. Our history spans over 200 years and today we are a leader in investment banking, consumer and small business banking, commercial banking, financial transaction processing and asset management.

We recognize that our people are our strength and the diverse talents they bring to our global workforce are directly linked to our success. We are an equal opportunity employer and place a high value on diversity and inclusion at our company. We do not discriminate on the basis of any protected attribute, including race, religion, color, national origin, gender, sexual orientation, gender identity, gender expression, age, marital or veteran status, pregnancy or disability, or any other basis protected under applicable law. In accordance with applicable law, we make reasonable accommodations for applicants' and employees' religious practices and beliefs, as well as any mental health or physical disability needs.

As a member of our Software Engineering Group you will dive head-first into creating innovative solutions that advance businesses and careers. You'll join an inspiring and curious team of technologists dedicated to improving the design, analytics, development, coding, testing and application programming that goes into creating high quality software and new products. You'll be tasked with keeping the team and other key stakeholders up to speed on the progress of what's
being developed. Coming in with an understanding of the importance of end-to-end software development-such as Agile frameworks-is key. And best of all, you'll be working with and sharing ideas, information and innovation with our global team of technologists from all over the world.

Should have Bachelors degree in Engineering or masters in computer science MSc or masters in computer applications (MCA) or Masters in Technology (M Tech) with Minimum 5 years relevant experience in Java

Essential:
Mandatory hands-on experience on core Java, Spring and REST services
Strong Java, J2EE and Micro services development experience.
J2EE & Object Oriented Design Patterns
Strong experience in RDBMS(Oracle)
Strong technical development experience on effectively writing code, code reviews, best practices code refactoring.
A delivery focused approach to work and the ability to work without direction
Mandatory hands-on Cloud Technology. Containers and K8s are Optional.
Experience with various source control tools like GIT
Good to have hands-on experience on Kafka or any Streaming Technology.
Good to have experience in Splunk, Dynatrace tools
Experience in Agile development lifecycle methodology
Strong problem solving and analytical skills
Good understanding of Jenkins CI/CD, Maven/Gradle
Proactive and self-motivated
Good communication and interpersonal skills and able to work under pressure
Good Team Player.JPMorgan Chase & Co., one of the oldest financial institutions, offers innovative financial solutions to millions of consumers, small businesses and many of the world's most prominent corporate, institutional and government clients under the J.P. Morgan and Chase brands. Our history spans over 200 years and today we are a leader in investment banking, consumer and small business banking, commercial banking, financial transaction processing and asset management.
We recognize that our people are our strength and the diverse talents they bring to our global workforce are directly linked to our success. We are an equal opportunity employer and place a high value on diversity and inclusion at our company. We do not discriminate on the basis of any protected attribute, including race, religion, color, national origin, gender, sexual orientation, gender identity, gender expression, age, marital or veteran status, pregnancy or disability, or any other basis protected under applicable law. In accordance with applicable law, we make reasonable accommodations for applicants' and employees' religious practices and beliefs, as well as any mental health or physical disability needs.",0.244
CONSTRUCTION,"           CONSTRUCTION PROJECT MANAGER         Professional Summary     I am a sports person by heart and a Civil engineer by profession. I am currently pursuing Master's in Civil Engineering at Auburn University. I am a seasoned construction professional with exceptional leadership and project management skills. Competent in team, budget and schedule oversight. Able to develop scopes, check field activities and update clients making me the perfect candidate for project management. I hold sports close to my heart and make sure to practice it in my daily life. I have been a national level tennis champion during my college days and am also a Registered tennis coach. I aspire to run a successful construction management firm in future.       Skills          Project scheduling  Estimating  Budget planning      Value engineering  Contract coordination  OSHA safety requirements            Work History      Construction Project Manager  ,     01/2016   to   04/2017     Company Name   –   City  ,   State      Managed submittals and processing of Requests for Information between general contractor, owner and owner's consultants  Mitigated risk, coordinating plans and specifications to ensure compliance with permitting and regulatory agencies  Analyzed trade and material proposals and negotiated contracts  Monitored construction operations for $2 Million dollar plus Housing Project  Monitored, coached and supervised team of 25 employees in 2017  Maintained zero site accidents and lost work days for 1.5 years         Site Supervisor  ,     01/2015   to   12/2015     Company Name   –   City  ,   State      Maintained Pile Driving heavy equipment, tools and machinery in good working order by efficiently completing Pile Driving Operations  Initiated onsite safety program and properly trained all team members, decreasing injuries by 95%  Sourced suppliers and purchased necessary materials for work  Analyzed project blueprints and specifications to identify exact number of worker's needed to complete job  Delegated assignments based on site plans, project needs and knowledge of individual team members         Education      Master of Science  :   Civil Engineering  ,   11/2019     Auburn University   -   City  ,   State       Coursework in Construction Law, Project Management and Cost Estimation   Member of University Tennis Club         Bachelor of Science  :   Civil Engineering  ,   05/2017     L.J. Institute of Technology   -   City         Elected Captain of Tennis Team   Member of College Quiz Club   Thesis: Energy Generation in Floating City         Hobbies      National level Lawn Tennis Champion  Registered Adult development tennis coach with Professional Tennis Registry  Avid Reader        Additional Information     Authorized to work for any employer in U.S.A.       PROJECT WORK      Event Center design for SIFAT,Alabama    Rock and Dirt clearing plan, Long term erosion control plan, Landscape plan, 3D Model along with site layout and detail estimate    Auburn University Facilities management    Designed web based platform integration for Project initiation form(PIF), Helped design material to share with AU Colleges and other stake holders    Atchafalaya Basin flood protection Project,Louisiana    Carried out risk assessment from contractor perspective,Haul routes and access routes design, Sequence of construction activity    Presented model for variation in prices for Rip Rap across Alabama for Alabama department of transportation    Analysed historical bid data for all projects awarded between 2006 to 2016,3500 Projects, After exploratory data analysis presented algorithm to directly link Rip-rap price with gasoline index in state    Studied pavement condition for city of Los Gatos, California    Analysed present condition using Streetsaver software , Presented action plan for city as well as fund utilization formula    Weagle construction    Presented 100 day plan for restoration of safety culture in company        Technical Proficiency     Auto-CAD, REVIT Architecture, Navisworks, RS Means, Streetsaver, Bluebeam, WinTR55, Kenslabs,BIM 360, MS Project, MS Office       Skills      Project scheduling  Estimating  Budget planning    Value engineering  Contract coordination  OSHA safety requirements        Work History      Construction Project Manager  ,   01/2016   to   04/2017     Company Name   –   City  ,   State      Managed submittals and processing of Requests for Information between general contractor, owner and owner's consultants  Mitigated risk, coordinating plans and specifications to ensure compliance with permitting and regulatory agencies  Analyzed trade and material proposals and negotiated contracts  Monitored construction operations for $2 Million dollar plus Housing Project  Monitored, coached and supervised team of 25 employees in 2017  Maintained zero site accidents and lost work days for 1.5 years         Site Supervisor  ,   01/2015   to   12/2015     Company Name   –   City  ,   State      Maintained Pile Driving heavy equipment, tools and machinery in good working order by efficiently completing Pile Driving Operations  Initiated onsite safety program and properly trained all team members, decreasing injuries by 95%  Sourced suppliers and purchased necessary materials for work  Analyzed project blueprints and specifications to identify exact number of worker's needed to complete job  Delegated assignments based on site plans, project needs and knowledge of individual team members      ",Full Stack Developer,req id 42324 smart people smart idea smart choice mt offer rewarding career path willing work hard think hard commit solving complex critical challenge customer around world many fortune 500 company name likely familiar ’ access latest tool technology develop industry- leading software application fast-paced agile environment advanced custom-built test automation system needed continually verify software working expected role analyze complex software system design innovative test suite automatically exercise validate working code ’ discover dynamic culture continuous improvement extends people one offer numerous way expand knowledge advance career currently looking software developer role part team developing software automotive mechanical simulation mt rpc® pro software allows customer bring automotive test track laboratory enabling simulate real-world durability event component full-scale vehicle vehicle drive every day significantly better vehicle past mt system rpc pro business thriving future exciting potential unlimited http //www.youtube.com/channel/ucbzquha2vnzmsiwwavvgn3a responsibility daily team interaction required via scrum meeting strong initiative team communication skill use scrum methodology strongly believe teamwork fundamental requirement successful project execution develop high-quality maintainable code using engineering best practice unit testing code review continuous integration ability work dynamic high-paced environment drive result self-organizing help meet team sprint goal experience participating online code review key accountability developer team maintain consistently healthy code base requirement b degree computer science software engineering related field 5+ year software development experience microsoft desktop application stack development environment experience wpf c model-view-viewmodel mvvm .net framework preferred experience visual studio team foundation server experience agile software development process preferred background engineering domain experience complex mechanical system mt system corporation equal opportunity/affirmative action employer qualified applicant receive consideration employment without regard race color ethnicity religion creed gender gender identification sexual orientation national origin physical mental disability age marital status veteran status,0.306
INFORMATION-TECHNOLOGY,"         DIRECTOR OF INFORMATION TECHNOLOGY         Executive Profile    Performance-driven and accomplished Director of Information Technology offering a unique combination of operations and management experience.  Strong leader with demonstrated success in managing and providing leadership in a diverse technological environment. Creative, dependable and enthusiastic change agent with a proven track record in improving efficiencies and reducing costs.  Visionary with superior long-term planning and project management experience.  Proven ability to implement standards and procedures that improve business processes and functionality.  Skilled coalition-builder with management practices that motivate and improve staff performance levels while forming a cohesive team.  Innovative and customer-oriented to formulate strategies to address service delivery demands and resource capacity. AREAS OF EXPERTISE Executive Leadership/Management Information Technology Project Management Networking Relationship Building Operations/Administration       Skill Highlights                      Professional Experience      Director of Information Technology  ,   05/2000   to   01/2014    Company Name   －   City  ,   State      Provides leadership in directing, planning, managing, and implementing the information technology needs of the City of Greensboro.  Provided oversight and direction for the Application Services, GIS, Network Services and Public Safety IT divisions.  Establishes guidelines and programs for effective information technology management.  Facilitates and implements City-wide strategic policy for planning, development, and deployment of information technology.  Key Achievements: Generated a savings of $400K per year with the implementation of VoIP Partnered with NCDOT and GDOT to implement a City-wide fiber optic network infrastructure Implemented on-line payments for parking tickets and utility bills.  Received over 1 million in payments to date Over the last five years, maintained a 95% customer satisfaction rating with  98% uptime in server and network environment Implemented virtualized server environment and business continuity site with redundant SAN, servers and network infrastructure Re-established the Technology Advisory Committee.          Network Services Manager  ,   07/1998   to   05/2000    Company Name   －   City  ,   State      Managed the Desktop Services Division, which included the Help Desk, local area network, server administration, training and leasing of computer technology.  Maintained and assisted with the support for enterprise-wide technology deployment.  Ensured that the customers' technology needs were addressed and resolved in an efficient and effective manner.  Key Achievements: Championed the organizational strategic initiative to implement a client-server environment with Microsoft Exchange and leasing of all computer technology Managed and directed the installation of 900+ workstations ahead of schedule and under budget Managed and implemented a $2.8 million internal service charge back structure for Help Desk support and leasing of computer technology Implemented a custom Helpdesk Request application, which includes a customer satisfaction survey after each closed call.          Data Communications Analyst  ,   06/1989   to   07/1998    Company Name   －   City  ,   State      Installed, maintained, configured and analyzed the data communication needs for the City of Greensboro.  Installed and configured modems, multiplexers, routers, control units and DEC and IBM terminals.  Analyzed system needs and configuration requirements to acquire the appropriate equipment.  Managed, maintained and resolved complex system problems with the IBM Mainframe, VAX systems, and servers.  Key Achievements: Configured 450+ users on All-In-One Project leader on upgrading IBM Mainframe to VSE/ESA Developed operations manual for IBM Mainframe Employee of the Year finalist 1996.          Electronics Technician  ,   09/1986   to   06/1989    Company Name   －   City  ,   State      Repaired, installed, configured and maintained PC's, servers, modems and other communication equipment.  Installed and designed network and data communication circuits.  Managed setup and installed communication equipment which included mid-range servers, communications equipment, VAX systems and PC's.  Key Achievements: Designed and installed the wiring and communications infrastructure for student registration Established redundant communication links to remote sites Developed and planned the communications infrastructure for campus computer labs.          Education      Certified Chief Information Officer (CIO)  :    November 2005    UNC-Chapel Hill    －   City  ,   State              B.S  :  Industrial Technology (Electronics)  ,  1986    North Carolina A&T State University   －   City  ,   State               Professional Affiliations     Member, North Carolina Local Government Information Systems Association (NCLGISA) Member, SouthEast Association of Telecommunications Officers and Advisors (SEATOA) Member, Public Technology Inc. (PTI) Previous Board Member, Greensboro Municipal Credit Union (Chairman, Technology Committee) Previous Board Member, Welfare Reform and Liaison Project (WRLP) Previous President, National Forum for Black Public Administrators (NFBPA), Triad Chapter        Skills     budget, client-server, customer satisfaction, DEC, directing, direction, GIS, Government, Help Desk support, Help Desk, IBM, IBM Mainframe, information technology, local area network, leadership, managing, Microsoft Exchange, 98, modems, enterprise, Network, organizational, PC's, Project leader, routers, Safety, SAN, servers, strategic, upgrading, VAX, VoIP, VSE, wiring    ",Django Developer,"Job Responsibilities :
- Lead a team of Python analytics and application developers
- Be responsible for Analytics and Data Science App development using Python, Django and other compatible languages
- Integrate Python application with other applications at client side (for example, booking engine, channel manager, property management system, etc.)
- Perform ad-hoc analysis to solve business needs relating to pricing, assortment, inventory, display, and personalization
- Prepare project plans, identify milestones, and ensure that timelines and deliverables are being met or bettered (Travel may be required)
- Carry out scenario planning, risk assessment and business (revenue) projections to provide a comprehensive assessment to clients
- Identify data requirements and use Excel and/or statistical packages to build descriptive, explanatory, predictive and prescriptive models that deliver actionable insights
- Prepare presentations, solution documents and data files as required
- Prepare case studies and white papers to demonstrate how Sciative Solutions delivers superior value to clients businesses
Desired candidate profile :
- Winning attitude with an ability to deal with ambiguity, and quickly grasp new techniques, business problems and solution frameworks / technologies.
- Minimum 1 year experience using Python at work for analytics and/or web application is a must. Overall 1 to 4 years of work experience.
- Qualification: BE/BTech or ME/MTech in Engineering.
- Demonstrated hands-on experience of formulating a problem statement, preparing a project plan, and developing and delivering solutions.
- Business acumen, and proficiency in analysing and synthesizing data.
- Experience or application familiarity with statistical techniques such as linear and logistic regression, clustering, segmentation, time series, forecasting, SVM, neural nets, is highly preferred.
- High degree of proficiency in SQL and No-SQL Databases, and Excel + VBA.
Expected Start Date: 14/12/2020
Job Types: Full-time, Walk-In
Salary: ₹30,000.00 per month
Benefits:
Cell phone reimbursement
Paid sick time
Schedule:
Morning shift
Supplemental Pay:
Joining bonus
Performance bonus
Experience:
total work: 4 years (Preferred)
Python: 3 years (Preferred)
Education:
Bachelor's (Preferred)
Location:
Navi Mumbai, Maharashtra (Preferred)",0.222
CHEF,"         CHEF OWNER       Executive Profile     A combination of specialized training and professional experience results in excellent qualifications as an EXECUTIVE CHEF, SOUS CHEF AND CHEF.  Highly skilled in a variety of cuisines, including: Italian, Peruvian, Mexican and Fusion.  Possess outstanding interpersonal, communication and training skills.  Excel in creating quality cuisine within budgetary cost controls.  Flexible, with the ability to achieve in both first-class fine dining and high volume operations.  Develop and motive a highly productive team.  Received professional training from five Certified Master       Skill Highlights          Small business development  Leadership/communication skills  Product development  Business operations organization  Budgeting expertise  Negotiations expert  Employee relations  Self-motivated  Customer-oriented       Fluent in [spanishCommunicates effectively  Event planning  Listening skills  Exceptional multi-tasker  Hospitality expertise             Core Accomplishments     Reduced number of guest complaints by <80> percent.    Successfully managed a kitchen staff of 40+ employees during high volume dinner services for more than 500 diners each night.Expanded [menu items] line to includeIncreased sales by 50% by rolling out a revamped social media marketing initiative., which nearly doubled sales in one year.        Professional Experience     01/2010   -   09/2012     Company Name   －   City  ,   State    Chef Owner        Management of all financial and personnel records.  Recruit, interview and train staff while ensuring health and safety standards.  Development of marketing strategy responsible for doubling the sales in one year.  Received over 300 outstanding reviews on Yelp.com.         01/2007   -   01/2009     Company Name   －   City  ,   State    DIRECTOR OF CULINARY ARTS        Train and manage kitchen personnel, supervise/coordinate all related culinary activities; estimate          consumption and requisition or purchase food; select and develop recipes; standardize production recipes to ensure consistent quality; establish presentation technique and quality standards; plan and price menus; ensure proper equipment operation/maintenance; and ensure proper safety and sanitation in kitchen; oversee special catering events; and offer culinary instruction and/or demonstrate culinary techniques; responsibility for hiring, discipline, performance reviews and initiating pay increases.         12/2003   -   12/2006     Company Name   －   City  ,   State    Execute Sous Chef        Oversaw all aspects relating to culinary operations including kitchen supply and inventory, maintaining government regulations, and monitoring customer satisfaction.  Menu development as well as food preparation.  Food and Nutrition Department.  Oversaw all procedures and development with Executive Chef menus and     recipes, including Special VIP Events.  Oversees 3,000 meals at day, full service cafeteria and all catering events.         11/2001   -   12/2003     Company Name   －   City  ,   State    Food Service Director        Conducted daily pre-shift and weekly departmental meetings to ensure organizational efficiency.Scheduled and directed staff in daily work assignments to maximize productivity.Efficiently resolved problems or concerns to the satisfaction of all involved parties.Continually monitored facility and took appropriate action to ensure food quality and service standards were consistently met.           Education     1994     Los Angeles Culinary Instituted   －   City  ,   State  ,   u.s.a    Associate of Arts  :   Culinary Arts     Courses in Hospitality and Restaurant Management         Additional Information      Open to Negotiation     ",DevOps Engineer,"6+ years of experience as DevOps engineer or similar software engineering role
Experienced in managing and maintaining the infrastructure system in AWS
Experienced in managing and setting up new environments in PCF (Pivotal Cloud Foundry) for micro services deployment
Experienced in creating dashboards using Splunk / Grafana
Experienced in GitLab CI/CD
Experienced in Docker and Kubernetes
Experienced in using scripting languages like python/groovry/go/shell scripting to automate day to day ops, pipeline, and deployments to AWS/PCF
Experienced in creating dashboards, intelligent alerts, integrate AppD, Pagerduty, Slack, GitLab, etc.
Strong understanding of CICD practices
Mandatory hands-on experience in any MDM – Mobile device management platform(preferably Mobile Iron)

6+ years of experience as DevOps engineer or similar software engineering role
Experienced in managing and maintaining the infrastructure system in AWS
Experienced in managing and setting up new environments in PCF (Pivotal Cloud Foundry) for micro services deployment
Experienced in creating dashboards using Splunk / Grafana
Experienced in GitLab CI/CD
Experienced in Docker and Kubernetes
Experienced in using scripting languages like python/groovry/go/shell scripting to automate day to day ops, pipeline, and deployments to AWS/PCF
Experienced in creating dashboards, intelligent alerts, integrate AppD, Pagerduty, Slack, GitLab, etc.
Strong understanding of CICD practices
Mandatory hands-on experience in any MDM – Mobile device management platform(preferably Mobile Iron)

B.E / B. Tech / MCA / Masters in computer science or any other equivalent experience is preferred.",0.131
FINANCE,"         FINANCE MANAGER           Summary     Flexible Accountant who adapts seamlessly to constantly evolving accounting processes and technology. Adept at budget forecasting, financial reporting, Capable Accountant successful at managing multiple projects and consistently meeting deadlines under pressure. Extensive knowledge of accounting software and processes.       Highlights          Financial statement analysis  Analytical reasoning  Strength in regulatory reporting  Account reconciliation expert  Complex problem solving      Effective time management  Excellent managerial techniques  Strong organizational skills  Superior research skills  Flexible team player            Accomplishments     Reviewed processes and identified inadequate.          Experience      Finance Manager    May 2008   to   Current     Company Name   -   City  ,   State      Supervision of Accounting employees including hiring, coaching, training and completing employee evaluations in a timely manner.  Develop and generate daily, monthly, quarterly and year end processes and preparation of financial statements and related management reports.  Coordination and management of daily cash transfers.  Maintain general ledger accounts in balance with sub-ledgers.  Approve all A/P expenditures and G/L adjustments.  Analyze and review expenditures compared to budget.  Maintain accounting control procedures.  Communicate with staff and members efficiently and timely.  Assist Internal and external auditors in completing audits.  Improve, redesign and re-engineer existing accounting systems.  Team Member of Security Committee and Business Continuity 		Committee.  Received over 20 awards for going above and beyond and saving the Credit Union money.          Financial Analyst II    November 2000   to   April 2008     Company Name   -   City  ,   State      Produced financial information for billing and reporting for Federal, State and County contracts.  Performed general ledger reconciliation and prepare any correcting entries.  Reconciliation of 35 bank accounts from multiple banking entities.  Tracked and reconciled Long and Short Term Debt.  Liaison to program management with respect to financial information, contract compliance and budgetary matters.  Reviewed and monitored the preparation of audit schedules for any required Agency audits.  Assisted the Director of Finance in developing budgets and with budgetary analysis.  Improved, redesigned and re-engineered existing accounting systems.  Coordinated conversion of new computer software and hardware.  Member of the Internal Loan Committee providing review and approval of Micro Business Loans.  Responsible for the daily operation and supervision of the A/P Department.  Named Employee of the Month.          Corporate Accountant    August 1998   to   October 2000     Company Name   -   City  ,   State      Developed and monitored operating and capital budgets.  Managed and reviewed all functions regarding financial statement preparation.  Provided analysis, produced reports and developed specialized reports for management.  Managed, reviewed and approved A/P and A/R.  Performed all general ledger reconciliation.  Assisted H/R Director with P/R transactions and functions.  Provided work direction and review to less experienced associates.  Improved, redesigned and re-engineered existing accounting systems.  Coordinated conversion of new computer software and hardware.  Provided support and assistance to Corporate Controller.  Named Employee of the Month.          Resort Revenue Manager    July 1991   to   August 1998     Company Name   -   City  ,   State      Managed revenue department which audited 10 restaurants, Adult and Kids Ski Schools, 8 retail outlets, The Crested Butte Marriott Hotel (252 suites ), The Sheraton at Crested Butte (300 rooms) and various vacation rental properties.  Responsible for hiring, training and disciplining up to 20 associates.  Responsible for the security and accurate processing of large sums of currency and credit cards from multiple resort operations exceeding $250,000 daily.  Ensured timely and accurate bank account reconciliation for various corporate entities between multiple banking organizations.  Coordinated the transfer of funds among multiple bank accounts.  Managed, reviewed and approved high volume of A/P and A/R transactions and inter-company allocations.  Managed and reviewed all functions regarding financial statement preparation.  Prepared audit work papers for corporate auditors.  Provided support and assistance to Controller.  Assisted with conversion of new computer software and hardware.  Member of Wage Committee, Leadership Committee and the Software Design Committee.  Received awards for Associate of the Week, Team of the Week, Team of the Month and Special Project of the Month.  EQUIPMENT/SKILLS Computer Literate.  Solid working knowledge of accounting/auditing principles and procedures.          Education      Accounting Associate Degree        Barnes Business College                  Skills    account reconciliation, Accounting, accounting systems, A/P, Agency, auditing, balance, banking, billing, budgets, budget, coaching, hardware, Computer Literate, contracts, Controller, conversion, Credit, direction, engineer, Finance, financial, financial statement preparation, preparation of financial statements, funds, general ledger, general ledger accounts, hiring, Leadership, Director, money, processes, program management, reporting, retail, Software Design, Supervision   ",PHP Developer,"Roles and responsibilities: *
We are only considering a candidate who has a minimum of 3-5 years of experience in the Laravel framework for Backend and a minimum of 2 years of experience in AngularJS for Front-End.
Develop and manage highly trafficked, highly scalable web properties with PHP using Laravel.
Must have hands-on experience with a PHP framework - Laravel, and AngularJS libraries like jQuery/Prototype/Extjs, etc.
Understand the specifications to define system requirements.
Collaborate and communicate project updates and progress to team members and clients.
Analyse, design, code, debug, test, document, and deploy changes to the system.
What we are looking for: *
Strong coding and design skills
Good command over Data Structures & Algorithms
The ability to produce bug-free and production-grade code. Experienced in developing RESTful Web Services.
Skills we consider PHP, Laravel, AngularJS, JavaScript, Bootstrap, HTML, CSS, MYSQL/NoSQL/MongoDB, Source code management(GitHub/Bitbucket).
This person will be responsible for: *
Leading a Team as Senior Full Stack Developer
Develop Enterprise Applications using PHP, Laravel, OOPs, AngularJS, JavaScript, NoSQL.
Planning, designing Web Applications. Experienced in developing RESTful Web Services.
Interaction with Clients
Quality & Timely Delivery
Helping Team Members on Technical issues
Required Candidate profile*
Extensive experience in development using PHP, Laravel, MySQL, and JavaScript, AngularJS
An eye for Detail & Quality Delivery
Ability to work in a team environment
Must meet the deadline
Knowledge of in developing RESTful Web Services
Mind Good to have experience in Android application development, Ionic Framework, Flutter.
Job Type: Full-time

Salary: ₹400,000.00 - ₹800,000.00 per year

Supplemental Pay:
Commission pay
Performance bonus
Quarterly bonus
Experience:
MongoDB/ MySql: 3 years (Preferred)
ReactJS: 2 years (Preferred)
Angular: 2 years (Preferred)
PHP: 4 years (Preferred)
Android Developement: 1 year (Preferred)
Laravel: 3 years (Preferred)
Location:
Bengaluru, Karnataka (Preferred)
Work Remotely:
Temporarily due to COVID-19",0.205
SALES,"         SALES REPRESENTATIVE       Summary     Ambitious Yard Manager with more than 15 years of management experience in the Oil and Gas and Transportation Industry. Applies strong analytical and critical thinking skills to solve complex operational problems.       Highlights          Inventory management  Employee development and management  Expense control  Materials accountability  Scheduling  Customer service-oriented  Safe driver  Shipping and receiving      Heavy industrial equipment  Vendor management  Superior negotiation skills  Motivated self-starter  Cost reduction  Current CDL license  Map reading and navigation skills  Heavy hauling            Experience     May 2016   to   July 2018     Company Name   City  ,   State     Sales Representative       Established new customer accounts.   Delivered products to customers in timely manner.   Efficiently addressed issues with customer accounts to ensure quick resolution.   Updated database with customer and sales information.   Completed documentation for product and service sales.   Maintained productive relationships with existing customers through exceptional follow-up after sales.   Informed management of special sales and service issues.   Cold-called prospective customers to build relationship.   Processed all sales transactions accurately and in a timely fashion.   Guaranteed positive customer experiences and resolved all customer complaints.   Confirmed that appropriate changes were made to resolve customers' problems.   Built and maintained effective relationships with peers and upper management.                Answered customers' questions and addressed problems and complaints in person and via phone.   Trained new employees on company customer service policies and service level standards.   Recommended and helped customers select merchandise based on their needs.   Attended local, regional and national trade shows for product development training as defined by territory needs.   Helped customers select products that best fit their personal needs.             November 2015   to   May 2016     Company Name   City  ,   State     Truck Driver       Maintained telephone and radio contact with supervisor to receive delivery instructions.   Checked load accuracy and stability before each trip.   Hooked and unhooked trailers from the tractor and converter dollies.   Recorded expenses and maintained receipts.   Connected air hoses and electrical lines, installed and removed tire chains and manually cranked dolly wheels.   Submitted reports on the condition of the truck at the end of each trip.   Operated a tractor-trailer combination in urban, suburban and rural environments and in all types of weather conditions.   Picked up customer loads in a timely and accurate manner.   Interacted with customers and vendors in a friendly and timely manner.   Wrote receipts for loads picked up and collected payment for goods delivered and for delivery charges.   Retained valid proof of insurance and registration in vehicle at all times.   Conducted daily DOT pre-trip inspections according to a set checklist.                    June 2015   to   November 2015     Company Name   City  ,   State     Sales Representative       Maintained productive relationships with existing customers through exceptional follow-up after sales.   Established new customer accounts.   Updated database with customer and sales information.   Landed new customer accounts through a consistent combination of perseverance, dedicated cold calling and exceptional service.   Greeted store customers promptly and responded to questions with knowledgeable service.   Generated high volume of referrals.   Delivered products to customers in timely manner.   Cross-sold additional products and services to purchasing customers.   Delivered products to customers in timely manner.   Delivered products to customers in timely manner.   Cold-called prospective customers to build relationship.   Built customer confidence by actively listening to their concerns and giving appropriate feedback.                    February 2015   to   June 2015     Company Name   City  ,   State     Sales, Internet Sales       Led sales calls with team members to establish sales and customer retention goals.Grew number of customers by 100%  in 5 months.Determined merchandise price schedules and discount rates.Monitored customer preferences to determine focus of sales efforts.Maintained friendly and professional customer interactions.Identified prospective customers using lead generating methods and performing an average of 60 plus cold calls per day.Participated in various incentive programs and contests designed to support achievement of production goals.Took daily inbound calls and key-entered orders, faxes, backorders and credit memos for assigned accounts and clients.        July 2014   to   August 2014     Company Name   City  ,   State     Project Manager        Dispatched, Assigned workloads, Assigned projects and tasks to employees based on their competencies, scheduled routes and job duties.  Documented daily equipment inspections and submitted daily inspection forms to Manager.  Coached and mentored Supervisors and Dispatchers.  Reviewed and approved all truck repairs and Reviewed and approved all fuel reports.  Bid on jobs, also handled customer orders.  Also went over Drivers logs and DVR's and turned in to Manager.         June 2006   to   July 2014     Company Name   City  ,   State     Yard Manager        Select Energy Services - Cleburne, Texas   Qualified competitive subcontractor bids prior to execution of contracts.  Monitored the safety of all construction activities, making on- site personnel safety the top priority.  Managed the day-to-day tactical and long-term strategic activities within the business.  Reduced and controlled expenses by improving resource allocation.  Reviewed and approved billing invoices and expense reports.  Coached and mentored all Supervisor and Dispatch members by offering constructive feedback and taking interest in their long-term career growth.  Offered feedback to executive-level management on the effectiveness of strategies, selling programs and initiatives.  Assigned projects and tasks to employees based on their competencies and specialties.  Assisted the project manager with bidding new jobs and projects.  Reviewed and approved all payroll and fuel reports.  Made and submitted all monthly allocation sheets.  Documented daily equipment inspections and submitted daily inspection forms to Manager.         June 2004   to   June 2006     Company Name   City  ,   State     Supervisor        Reviewed and approved billing invoices and expense reports.  Maintained account plans for top client accounts .Recruited and hired new drivers and operators .Documented daily equipment inspections and submitted daily inspection forms to Manager.  Dispatched trucks, and met with Company Men to get invoices signed.         June 2002   to   June 2004     Company Name   City  ,   State     Forklift and Loader Operator        Maintained operator logs, forms and records in accordance with company policies and DOT Regulations.  Operated equipment safely and efficiently at all times.  Obtained proper signatures as required.  Operated and maintained a forklift and loader in a safe and efficient manner .Executed daily pre-trip and post- trip inspections and documentation in compliance with DOT guidelines and company policies.         June 2000   to   June 2002     Company Name   City  ,   State     Supervisor        Selected the most efficient routes in compliance with delivery instructions and fuel policy.  Presented customers with bills and receipts and collected payments for goods delivered.  Operated heavy equipment, including forklifts, stair climbers and pallet jacks.  Evaluated customer needs and determined appropriate action, referring their questions to management when necessary.  Coordinated daily delivery schedules based on customer schedules, peak delivery times and alternate routes.         July 1998   to   June 2000     Company Name   City  ,   State     Supervisor        Coordinated daily delivery schedules based on customer schedules, peak delivery times and alternate routes.  Processed shipment documents neatly and efficiently for each load.  Obtained and maintained proper delivery authorization and pickup documentation.  Interacted with customers and vendors in a friendly and timely manner.         May 1997   to   July 1998     Company Name   City  ,   State     Trainer        Processed shipment documents neatly and efficiently for each load.  Obtained and maintained proper delivery authorization and pickup documentation.  Conducted daily DOT pre-trip inspections according to a set checklist .Communicated the duties, compensation, benefits and working conditions to all potential candidates.  Contacted all job applicants to inform them of their application process.          Education     1981     Castleberry   City  ,   State  ,   USA     GED  :   General     General             Castleberry - River Oak, Texas, USA   I also have Commercial Driver Training. Heavy
Equipment Operator Certificate. Forklift Operator Certificate. Operations and Quality
Management coursework. I also have a certificate for attending a Alcohol and Drug
Behavioral awareness class. As well as a CPR and First-Aid class.              Skills    benefits, billing, competitive, contracts, CPR, Client, delivery, Dependable, documentation, Drivers, Equipment Operator, expense reports, First Aid, First-Aid, forklift, forklifts, Forklift Operator, forms, inspection, communicator, payroll, peak, personnel, policies, Procedure development, Quality
Management, Relationship building, repairs, safety, selling, self-starter, strategic, Supervisor   ",Node js developer,"Job Description*
We Required a *NodeJS Developer* who has solid knowledge in PHP and drive them and made them submit all project on deadline.
Roles and Responsibilities: *
Designing, Development, Testing and Deploying Node JS applications.
Integration of multiple data sources and databases into one system.
Integration of third party API integration.
User authentication and authorization between multiple systems, servers, and environments.
Serve as an expert on applications and provide technical support.
Collaborate with internal teams to produce software design and architecture.
Maintain code quality and automation.
Enhance existing systems by analyzing business objectives.
Debugging and optimization of the code.
Test and deploy application.
Required Skills: *
Excellent coding skill in Node.js, JavaScript, ECMA Script or any other NodeJS framework.
Knowledge of a Service Oriented Architecture.
Understanding & Experience of Object-Oriented Concepts is a plus.
Proficient understanding of code versioning tools, such as Git, DevOps.
Understanding fundamental design principles behind a scalable application.
Should be adaptable and flexible enough to learn new technologies.
Benefits*
Friendly Environment
Flexible working hours
A place to gain best knowledge
Salary is no bar for right candidate
Job Type: Full-time

Schedule:
Day shift
Experience:
software development: 1 year (Preferred)
work: 1 year (Preferred)
total work: 1 year (Preferred)
java: 1 year (Preferred)
Education:
Bachelor's (Preferred)",0.171
ARTS,"         EIGHTH, NINTH AND TENTH ENGLISH TEACHER           Summary     Motivated Literacy Specialist, Reading/ LA Teacher with extensive knowledge of the education system and educational testing standards. Exceptional communicator with advanced problem-solving skills. Versed in working well with all learning styles. Effectively leads special education teachers, liaises with other teams to facilitate high quality education for all students.       Highlights          Certified English 6-12  Certified Reading K-12  Gifted Endorsed, Special Ed. Experience  Strong Communicator  Classroom Management      MA.E Reading  Strategic Planning  Project Management  Team Leadership  Professional Development            Accomplishments     Reading Department Chair. National Writing Project 2010. Help students reach their IEP goals. Facilitate small reading and writing groups. Mentor struggling students to graduation with progress monitoring. Manage classes of up to 25 students. Accompany field trips and after school activities. Cultivate excellent student growth in test score results. Foster a love for literacy.        Experience      Eighth, Ninth and Tenth English Teacher    March 2015   to   June 2015     Company Name   －   City  ,   State      Develop general knowledge of entire program's 8-10 curriculum and very detailed knowledge of courses for which responsible  Support students and parents with alternate strategies, provide additional assistance with daily assignments and projects  Communicate regularly with parents, students, guidance counselors, curriculum specialists through use of computer and telephone   Keep student records, data up-to-date, including cumulative files, student and family information, attendance accounting, log all student and parent contacts   Consult with other teachers, staff learning specialists to develop alternate enrichment activities and modifications to students' programs to increase student understanding          Seventh and Eighth Grade Reading Teacher and Department Chair    August 2010   to   July 2014     Company Name   －   City  ,   State      Performing to an exceptional standard in this position, where demonstrate skills and abilities earn promotion to position of Reading Department Chair.  Utilizing expertise of curriculum to ensure the provision of an engaging, facilitative learning environment, efficiently managing the classroom with gifted and advanced reading students.  Conducting detailed assessments of the learning capabilities of all students, altering teaching strategy to ensure inclusion and subsequent development of all students  Fostering relationships with students from a diverse selection of cultural backgrounds, furthering skills in collaboration by working closely with parents, colleagues and administration personnel          Seventh Grade Reading/ Language Arts Teacher    August 2009   to   July 2010     Company Name   －   City  ,   State      Adhering to tier 2 and tier 3 interventions in delivering flexible teaching practices to students, striving to ensure academic development of all students with differing abilities  Performing comprehensive assessments, evaluations of progress and goals of each student within the Title One education plan in order to provide detailed feedback to parents, administration staff, students  Implementing disciplinary procedures where necessary in order to ensure provision of a safe and focused learning environment          Sixth Grade Reading and Language Arts Educator    August 2007   to   July 2009     Company Name   －   City  ,   State      Closely adhering to relevant guidelines and processes when preparing and applying a tailored lesson plan  Playing an instrumental role in a team of nine/ten colleagues in order to deliver an effective learning environment for students of all abilities  Heavily involved in the development and effective implementation of the Language Arts curriculum through participating heavily in curriculum development meetings  Advancing skills in relation to analysis by gathering and evaluating data related to student performance, creating a lesson plan based on this information          Ninth and Eleventh Grade Reading and Language Arts Educator    August 2006   to   January 2007     Company Name   －   City  ,   State      Striving to ensure the academic success of all students by providing rigorous lessons for students          Education      M.Ed   :   Curriculum and Instruction Reading  ,   2010    Secondary Reading and Curriculum - Grand Canyon University   －   City  ,   State              B.A   :   Liberal Studies English Writing and Multi-Cultural Anthropology  ,   2005    University of Central Florida   －   City  ,   State       Liberal Studies English Writing and Multi-Cultural Anthropology         Professional Affiliations     National Writing Project  FGCU  UCF  ASCD Conferences  Florida Virtual School  Florida Literacy Coalition  Springboard Education  Achieve 3000 Series  J.N. Ding Darling Wildlife Refuge Education  Licensed Florida Realtor       Skills     Communication, Curriculum, Literacy, Lesson Planning, Critical Thinking,  Documentation, Email, Microsoft Outlook, Microsoft Office, Organizational, Reading Comprehension, Research, Time Management, Travel Planning, Writing     ",Java Developer,"Description

Job Description:

The Government Health and Safety Solutions Operation of Leidos is seeking an Angular/Java Developer in Baltimore/Rockville, MD to support the FDA SIRCE contract.

The SIRCE program supports the Food and Drug Administration (FDA) Office of Regulatory Affairs (ORA) critical work to safeguard the foods, drugs, devices, biologics, and veterinary products that the Agency regulates. The program is split into two investments – Systems for Inspections, Recalls, Compliance Enforcement (SIRCE) and Imports. Imports Operations is one of the key functional areas within FDA. Headquarters and field staff utilize several systems to process entries of imported FDA-regulated commodities. Entry Review and the Operational and Administrative System for Import Support (OASIS) are the primary components used by field staff to perform entry review, record fieldwork results, and to make compliance and admissibility decisions. Predictive Risk-Based Evaluation and Dynamic Import Compliance Targeting (PREDICT) is utilized to perform risk-based screening of entries coming to FDA from Customs and Border Protection's (CBP) Automated Commercial Environment (ACE). Import Trade Auxiliary Communications System (ITACS) is utilized to allow the Import trade community to view and send updates for open entries stored in the OASIS database. Prior Notice Manager provides the staff of the Division of Food Defense Targeting (DFDT) with capabilities to review and process food imports subject to Prior Notice requirements.

Specific roles & responsibilities for the Imports Software Engineer position include but not limited to the following:

Collaborate with business analysts, other developers, and test engineers on the team to produce high quality software that delivers business value and follows established design patterns and processes
can independently develop, code or modify, test, and debug application programs of varying degree of complexity
Integrate existing software into new or modified systems or operating environments
Troubleshoot production problems within assigned applications software
Assist less experienced staff in user specifications, coding, testing, and debugging.
Work with business users to develop and implement acceptance tests to ensure that product meets customer requirements and expectations.
Implement recommendations for improving documentation and software development process standards
Actively engage in process improvement initiatives.

Minimum qualification and experience

BS and 4 – 8 years of prior relevant experience or Masters with 2 – 6 years of prior relevant experience. 2+ years of Angular experience. Considered an emerging authority.

• Experience in full software lifecycle development with Java/JEE, Java Script, REST/JAX/Soap Web Services, Weblogic, Spring Framework, Oracle 12c, PL/SQL, Maven, HTML5, Log4j, Junit, and Unix/Linux experience.
• Experience in developing applications using Angular/Java technology stack
• Understanding of Microservices and rule engine processing
• Experience with developing detailed designs, optimizing code for performance and reliability, conforming to coding standards and continuous integration
• Experience in parallel development environment managing overlapping efforts impacting same function.
• Excellent verbal and written communication skills, including experience working directly with customers to discuss their requirements and objectives.
• Ability to prioritize, status, and multitask
• Experience with Subversion/Git, JIRA, Microfocus ALM
• FDA Imports domain knowledge - Familiar with Agile development methodology

Requires the ability to obtain a Public Trust Clearance.

Desired: Angular 6+, JPA/ORM
Experience with transitioning business logic from PL/SQL to Java, developing detailed designs, optimizing code for performance and reliability, conforming to coding standards and continuous integration

hhsfda

External Referral Bonus:
Eligible

Potential for Telework:
No

Clearance Level Required:
Public Trust

Travel:
No

Scheduled Weekly Hours:
40

Shift:
Day

Requisition Category:
Professional

Job Family:
Software Development

Leidos is a Fortune 500® information technology, engineering, and science solutions and services leader working to solve the world’s toughest challenges in the defense, intelligence, homeland security, civil, and health markets. The company’s 38,000 employees support vital missions for government and commercial customers. Headquartered in Reston, Va., Leidos reported annual revenues of approximately $11.09 billion for the fiscal year ended January 3, 2020. For more information, visit www.Leidos.com.

Pay and benefits are fundamental to any career decision. That's why we craft compensation packages that reflect the importance of the work we do for our customers. Employment benefits include competitive compensation, Health and Wellness programs, Income Protection, Paid Leave and Retirement. More details are available here.

Leidos will never ask you to provide payment-related information at any part of the employment application process. And Leidos will communicate with you only through emails that are sent from a Leidos.com email address. If you receive an email purporting to be from Leidos that asks for payment-related information or any other personal information, please report the email to spam.leidos@leidos.com.

All qualified applicants will receive consideration for employment without regard to sex, race, ethnicity, age, national origin, citizenship, religion, physical or mental disability, medical condition, genetic information, pregnancy, family structure, marital status, ancestry, domestic partner status, sexual orientation, gender identity or expression, veteran or military status, or any other basis prohibited by law. Leidos will also consider for employment qualified applicants with criminal histories consistent with relevant laws.",0.22
PUBLIC-RELATIONS,"         TRANSFER RECRUITER/ADMISSIONS COUNSELOR       Career Overview     Committed and motivated Administrative Assistant with exceptional customer service and decision making skills. Strong work ethic, professional demeanor and great initiative.Executive Administration 			 Develop Result Oriented Procedures Operation Management	National Talent Consultant Organizational Consulting			Performance Expansion Strategic Business Marketing/Planning	ROI & Profit optimization    Office Competencies   Microsoft Office Suite Programs		Email Protocol   Desktop Publishing					Internet Usage Office Management						Create Procedures, Handbooks     Rainbow Push Coalition National Action Network United Institution Baptist Church Philathea Ministry Central Union Missionary I have been able to observe Cheryl in a variety of settings, including seeing how well she operates a fluent and successful office."" George Curry, Keynote Speaker/Media Coach Ms. Porter is one of the most effective Executive Administrators I've ever worked with.  She is masterful at scheduling, adept at juggling and possesses excellent people skills."" Dr. Julianne Malveaux, President Emeriti-Bennett College Ms. Porter is a resourceful, creative, and solution-oriented person. She functions well as a team leader."" -Murray Dewalt, Security Chief, Rev. Jesse L. Jackson EXECUTIVE ADMINISTRATION AND OPERATIONS MANAGER            Professional Experience      Transfer Recruiter/Admissions Counselor     01/2014   to   06/2015      Company Name   City  ,   State      A private historically black liberal arts college for women.  Recruiting of transfer and non- traditional students.  Creation of transfer guide and official transfer data on college webpage.  Work directly with students to secure admission to the college.  Develop partnerships with area community colleges and organization's to encourage enrollment of students.         Executive Assistant     08/2011   to   12/2013      Company Name   City  ,   State      A private historically black liberal arts college for women.  the President Maintain and manage schedule of the President, including travel and coordinating arrangements.  Preparation of monthly travel and expense reports, itineraries, document drafts and correspondence.  Event creation and planning for the office of the President.  Successful completion of office set-up, supervising and coordinating the daily office functionality.         Executive Assistant to the Chief Marketing Officer     02/2009   to   10/2011      Company Name   City  ,   State      Maintain, manage and create schedule of the CMO, including travel and coordinating arrangements.  Work closely with various clients on event planning, national tour scheduling and media advertising.  Occasional office manager when required completing invoicing, payroll distribution, call/email inquiry and correspondence management.  Assist in the development of company templates, including letters, memos, outlines, forms and charts.         Virtual Executive Assistant     01/2007   to   12/2009      Company Name   City  ,   State      Independently owned and operated national public relations company.  At the direction of the president, managed and assigned team projects.  Collaborated with team leaders, provided research and other support for projects.  Developed and maintained human resource information and files.  Compile monthly client reports and authorize billable hours for payment.  Managed emails, paper work, inquiries, correspondence, proposals and confidential administrative client data.  Wrote copy for email, direct mail and print advertising.         Operator/Receptionist     11/2002   to   10/2009      Company Name   City  ,   State      Jackson Park is a 270 patient facility and 900-faculty member community hospital serving over 1 million people.  Operated facility main switchboard.  Paged physicians, and all other hospital personnel overhead, in-house and long range.  Greeted and assisted patients, visitors and staff members.  Paged physicians, faculty overhead, and in-house and long range system.  Created and presented communication guidelines and operations for orientation classes for new hires and residents.         Law Enforcement Officer/Police Officer     11/1985   to   12/1997      Company Name   City  ,   State      The Metropolitan Water Reclamation District of Greater Chicago is an independent government encompassing approximately 91 percent of the land area of Cook County, Illinois.  Focus on protecting and serving the community and property.  Patrol assigned areas and respond to calls, enforce laws, make arrests and issue citations.  Daily patrol of incorporated and unincorporated areas of Cook County, IL on district owned property.  Illinois state peace officer certification with full IL peace officer arrest authority and weapon certification.  Doubles as officer and dispatcher on a rotating basis, verified employee identification including photo and fingerprint verification.         Education      Business Communications - Area of Study G.M.O.R. Theological Institute Counseling & Pastoral Care - Area of Study Timothy J. O'Connor Training Academy Certification - Illinois State Peace Officer       Northern Illinois University                  Attained Diploma      Chicago St. Thomas Aquinas H.S                  AFFLIATIONS & COMMUNITY SERVICE           Professional Endorsements       Skills    administrative, photo, advertising, arts, Business Communications, charts, community hospital, Counseling, client, clients, direct mail, direction, email, event planning, expense reports, Focus, forms, government, human resource, invoicing, letters, office, office manager, payroll, personnel, print advertising, proposals, public relations, Recruiting, research, scheduling, supervising, switchboard   ",Flutter Developer,"We are looking for self-motivated ""Android / Flutter Developer"" with excellent communication and customer service skills to join a fast-growing startup DcodeAI. Our ideal candidate is a great Android developer who is proficient with Android/Flutter and its ecosystem. Your primary focus will be developing full user-facing applications, along with individual user interface components. These will be implemented following well-established best practices in Android/Flutter. You will ensure that these components and the overall application are robust and easy to maintain, coordinating with the rest of the team. Therefore, a commitment to collaborative problem solving, sophisticated design, and product quality are important.
Minimum 1-2 years of experience in software development
Hands-On Programming Experience in Android/Flutter
Exposure to Mobile developer domain and SQL lite
Job Skills: *
Experience building and deploying a moderately complex Flutter/Android/IOS app,
Translating UI/UX designs into code,
Firebase and GCM
Advanced debugging/testing/optimization,
General knowledge of Location Services, Maps, and other common Android/IOS libraries
Expected Start Date: 2/11/2020

Job Type: Full-time

Salary: ₹60,000.00 - ₹90,000.00 per month

Experience:
Android/Flutter development: 2 years (Required)
Education:
Bachelor's (Required)
Location:
Noida, Uttar Pradesh (Preferred)",0.162
DESIGNER,"         INSTRUCTIONAL DESIGNER         Summary     Motivating and talented Instructional Designer driven to inspire students to pursue academic and personal excellence. Strives to create a challenging and engaging learning environment in which students become life-long  learners.       Highlights          Effective use of multi-media teaching tools  Exceptional written and verbal communicator  Online course instructor      Innovative teaching methods  Accomplished academic advisor  Innovative thinker  Natural leader              Experience      Company Name     August 2012   to   Current     Instructional Designer   City  ,   State      Collaborate one on one with subject matter experts during new online course development and design.  Appraise course creation quality by identifying and providing for developmental needs and take corrective action when necessary.  Apply the appropriate learning theory, instructional theory, and applications of media to online instruction.  Plan, design, and develop effective instructional materials that are functional, intuitive, informative, and consistent with sound instructional design principles for online learning.  Plan and develop faculty workshops and trainings in areas of instructional design and in the use of specific instructional technology tools, to assist faculty with learning about educational technology and online instructional methods.  Remain current with and have a thorough understanding of the emerging applications of instructional multimedia, instructional technology and trends in online education, and implement improvements.  Research, evaluate and recommend appropriate hardware and software to achieve academic objectives.  Peer Reviewer certified for Quality Matters and and Adjunct Instructor, teaching Introduction to Online Learning and College Studies.          Company Name     July 2011   to   August 2012     Internet Support Specialist   City  ,   State      Answered basic and complex computer questions related to the college's learning management system - Blackboard, for faculty in-person or via e-mail or telephone; facilitated ""start-up"" for internet courses for faculty and students; handled initial contact with internet students; taught login procedures and other start-up skills to students for learning effectively online; provided all faculty training and support on Blackboard software, provided training and support for other instructional internet software, such as Smarthinking, Turnitin, and various audio and learning object software; prepared tutorials for faculty and students on common procedures that pertained to online learning; worked with the Instructional Designer to provide group trainings for faculty on Blackboard or distance learning software; maintained the course evaluation database, distributed the course evaluation information to appropriate personnel; archived all courses regularly and help in the recycling process between semesters; maintained the web pages for the Distance Learning department.          Company Name     July 2008   to   July 2011     Registration & Facility Assistant   City  ,   State      Oversaw midterm and final grading for all credit classes.  Performed clerical tracking of all rosters, incomplete grades, and grade verification.  Coordinated student nonattendance letters, and grade mailings.  Scheduled facilities for college and community use and kept billing records that was then forwarded to accounts payable.  Processed and input course master files for all outreach and community education courses.  Assisted with registering all students, collecting tuition and fees and processing add and drops.  Handled phone-in registration and billing.  Updated as needed the Registration & Records information on the college's web page and campus portal.  Assisted other staff members in the office as needed.          Company Name     December 2007   to   June 2008     Bookkeeper   City  ,   State      Processed payables, payroll, bank reconciliations, invoicing, monthly sales tax, quarterly payroll reports, and handled general bookkeeping duties.          Company Name     February 2006   to   June 2007     Accounts Payable Coordinator   City  ,   State      Processed invoicing of operating expenses for payment; ensured proper approval of invoices before payment; processed payment for the expenses incurred from all company activities and operations; trained new employees on travel and expense reimbursement procedures.          Company Name     August 2004   to   May 2005     Accounts Receivable Technician   City  ,   State      Receipted incoming cash, credit cards, and checks; invoiced, receipted, and billed third party accounts; was responsible for daily deposit, and assisted students with their billing questions.          Company Name     July 1996   to   May 2004     Program Coordinator   City  ,   State      Maintained three department budgets; created monthly contracts for adjunct faculty; created schedules for academy students; created new and updated information on website for the program and the college's sports teams; evaluated instructors; ensured campus security; supervision of instructors, security interns, and work-studies; scheduled and maintained records for safety training classes; ensured overall smooth operation of all three departments by coordinating with the faculty, students, staff, and general public; was a lead instructor for several classes for the program and the academy.          Company Name     September 1995   to   July 1996     In-service Coordinator   City  ,   State      Coordinated in-services for staff and kept training records updated; was responsible for clerical support for Residential and Vocational supervisors; processed insurance billing and typed patient reports for the Speech Therapist.          Company Name     May 1991   to   September 1994     Accounting Clerk   City  ,   State      Processed weekly accounts payable; maintained saving and checking accounts for clients; assisted in accounts receivable billing and recording of payments; processed bimonthly client payroll.          Education      University of Wyoming     2014       Master of Education  :   Instructional Technology    City  ,   State              Franklin University     2011       Bachelor of Science  :   Public Safety Management    City  ,   State              Colorado Northwestern Community College     2003       Associate of Applied Science  :   Criminal Justice    City  ,   State              Technical Trades Institute     1992       Associate of Occupational Studies  :   Accounting    City  ,   State                      Interests    Former Volunteer Soccer Coach for local youth 
Former Victim Services Advocate 
Former Board Member Volunteer Fire Department      Skills     Course development       Additional Information      Former Volunteer Soccer Coach for local youth    Former Victim Services Advocate    Former Board Member Volunteer Fire Department     ",Django Developer,"Job Responsibilities :
- Lead a team of Python analytics and application developers
- Be responsible for Analytics and Data Science App development using Python, Django and other compatible languages
- Integrate Python application with other applications at client side (for example, booking engine, channel manager, property management system, etc.)
- Perform ad-hoc analysis to solve business needs relating to pricing, assortment, inventory, display, and personalization
- Prepare project plans, identify milestones, and ensure that timelines and deliverables are being met or bettered (Travel may be required)
- Carry out scenario planning, risk assessment and business (revenue) projections to provide a comprehensive assessment to clients
- Identify data requirements and use Excel and/or statistical packages to build descriptive, explanatory, predictive and prescriptive models that deliver actionable insights
- Prepare presentations, solution documents and data files as required
- Prepare case studies and white papers to demonstrate how Sciative Solutions delivers superior value to clients businesses
Desired candidate profile :
- Winning attitude with an ability to deal with ambiguity, and quickly grasp new techniques, business problems and solution frameworks / technologies.
- Minimum 1 year experience using Python at work for analytics and/or web application is a must. Overall 1 to 4 years of work experience.
- Qualification: BE/BTech or ME/MTech in Engineering.
- Demonstrated hands-on experience of formulating a problem statement, preparing a project plan, and developing and delivering solutions.
- Business acumen, and proficiency in analysing and synthesizing data.
- Experience or application familiarity with statistical techniques such as linear and logistic regression, clustering, segmentation, time series, forecasting, SVM, neural nets, is highly preferred.
- High degree of proficiency in SQL and No-SQL Databases, and Excel + VBA.
Expected Start Date: 14/12/2020
Job Types: Full-time, Walk-In
Salary: ₹30,000.00 per month
Benefits:
Cell phone reimbursement
Paid sick time
Schedule:
Morning shift
Supplemental Pay:
Joining bonus
Performance bonus
Experience:
total work: 4 years (Preferred)
Python: 3 years (Preferred)
Education:
Bachelor's (Preferred)
Location:
Navi Mumbai, Maharashtra (Preferred)",0.175
HR,"         HR ASSISTANT/PAYROLL         Highlights        Paychex, Mastertax, ABRA, Time Star, InfoTronics, Store Master, Dominion, QuickBooks
Ceridian, PeopleSoft, SAP, Microsoft Word, Excel and PowerPoint, Crystal Reports              Experience      HR Assistant/Payroll    Company Name   －   City  ,   State      Human Resources professional offering over 15 years of combined HR and payroll
          experience in both manufacturing and academic settings
Accurate and timely preparation of employee payroll, payroll tax information, and
          employee benefits administration
Highly effective employer representation in unemployment claims and hearings.         01/2014   to   01/2014     Payroll & Benefits Coordinator    Company Name   －   City  ,   State      Process weekly payroll for 100 hourly and salaried Associates
    Garnishment, Levy and Child Support processing
    Compile weekly labor hours      
    Enter new hire information into HRIS/Payroll system
    Assist with Annual Benefits Open Enrollment
    Process employee status changes in payroll, personnel, and benefit records
   Respond to Unemployment claims 
    Establish written policies and procedures
    Assist in employee conflict resolution
    Worker's Compensation accident reporting
    Maintain Company-wide OSHA 300 and OSHA 300A.         01/2013   to   01/2013     Assistant Office Manager    Company Name   －   City  ,   State      Calculate daily timesheets 
     Enter new hire information into HRIS/Payroll system
     Process employee status changes 
     Respond to Unemployment claims
    Maintain OSHA 300 and OSHA 300A
     Worker's Compensation accident reporting, loss time tracking
    Process monthly billing
    Process customer payments
    Generate purchase orders
    Maintain HRIS/Payroll system 
    Process invoices for payment.         01/2012   to   01/2013     HR Assistant/Payroll    Company Name   －   City  ,   State      Process weekly payroll for 100 hourly and salaried Associates
    Garnishment, Levy and Child Support processing
    Compile weekly labor hours      
    Enter new hire information into HRIS/Payroll system
    Assist with Annual Benefits Open Enrollment
    Process employee status changes in payroll, personnel, and benefit records
   Respond to Unemployment claims 
    Establish written policies and procedures
    Assist in employee conflict resolution
    Reviewed applications and identified potential candidates for position openings
    Worker's Compensation accident reporting
    Maintain Company-wide MSDS documents, OSHA 300 and OSHA 300A
    Coordinate quarterly meetings.         01/2009   to   01/2012     Safety & Benefits Coordinator    Company Name   －   City  ,   State      promoted to this position in 2009)
     Determine monthly benefit eligibility
     Maintain benefit HRIS system
     Determine quarterly 401k eligibility
     Monthly audit of medical, dental and voluntary insurance products
     Process 401k Benefit Event Notices 	
     Record Associate and customer accidents
     Maintain OSHA 300 log and annual OSHA 300A for multiple locations
     Maintain Company-wide MSDS documents
     Worker's Compensation and General Liability accident reporting and investigation 
     Conducted annual safety training
     Coordinate monthly random drug screens
     Respond to Unemployment claims, and effectively represent WESCO in Unemployment hearings
     Assist with Annual Benefits Open Enrollment
     Coordinate annual Recognition Luncheon
     Assist in employee conflict resolution 
     Establish written policies and procedures.         01/2004   to   01/2009     Payroll / Human Resources Assistant    Company Name   －   City  ,   State      Process weekly and biweekly payroll for over 300 hourly and salaried Associates
      Garnishment, Levy and Child Support processing
      Compile weekly labor hours      
      Enter new hire information into HRIS/Payroll system
      Process employee status changes in payroll, personnel, and benefit records
      Compilation and distribution of performance reviewsto multiple locations 
      Transfer weekly payroll direct deposit file 
      Process weekly 401k payments with outside vendor
      Timely and accurate reporting of new hires to the State of MI
      Respond to Unemployment claims, and effectively represent WESCO in Unemployment hearings.         01/2002   to   01/2004     Human Resources / Payroll Assistant    Company Name   －   City  ,   State      Primary contact between Human Resources and Corporate Payroll
     Prepare and distribute disciplinary actions for unionized manufacturing plant
     Maintain daily attendance records
     Reviewed applications and identified potential candidates for position openings
     Assist with generating Union layoffs and recalls	
     Maintain accurate confidential employee files	     
     Coordinate Annual Service Award Program.         01/2001   to   01/2002     Payroll Tax Analyst    Company Name   －   City  ,   State      Computed over 200 quarterly unemployment tax returns for every state in the Continental U.S.  Compiled withholding information for weekly tax deposits made via EFT
     Examined tax information to file monthly and quarterly withholding returns for states and localities
     Compiled divisional information to complete quarterly and annual Federal filings
     Analyzed information for annual reporting to Federal, State and local government.         01/1999   to   01/2001     Payroll Clerk / Human Resources Assistant    Company Name   －   City  ,   State      Compiled information to calculate bi-weekly payroll for over 200 employees
     Prepared information for quarterly Federal tax returns, sales and use tax, State and local reporting
     Coordinated open enrollment for health care benefits
     Ensured correct paperwork was timely filed for Workers Compensation claims
     Researched employee records to analyze unemployment eligibility
     Calculated field trip information for billing back to classrooms
     Confirmed retirement information for monthly reporting to the State of Michigan
     Maintained direct deposit system.         01/1996   to   01/1999     Payroll Clerk / Human Resources Assistant    Company Name   －   City  ,   State      Calculated weekly payroll for over 350 employees
     Determined eligibility for health care benefits company-wide, including accurate maintenance of information
Liaison between 400 employees and health care insurance company
Maintained necessary materials required to conduct new hire orientations
Reviewed applications and identified potential candidates for position openings
Researched employee information to complete unemployment determination
Filed New Hire reports to meet State compliance
Reviewed weekly uniform billing for 200 employees, including verification of correct billing and submitted credits
Developed spreadsheets to track employee reviews, insurance, and holiday pay
Enabled accurate payroll information to be extracted from spreadsheets.          Education          B.B.A  :   Human Resources    Human Resources            MIOSHA Level One Certification
          Baker College          General Industry Certification      Macomb Community College   －   City  ,   State              Skills    ABRA, academic, Benefits, benefits administration, billing, bi, Ceridian, conflict resolution, Crystal Reports, HRIS, Human Resources, HR, insurance, Process invoices, local government, materials, meetings, Excel, PowerPoint, Microsoft Word, Payroll, PeopleSoft, performance reviews, personnel, policies, QuickBooks, reporting, safety, sales, SAP, spreadsheets, tax, tax returns, written   ",PHP Developer,"JOB DESCRIPTION FOR A PHP DEVELOPER *
We are looking for a PHP developer who is dedicated to his/her craft, writes code that is proud of and can hit the ground running. We need the developer to write beautiful, fast PHP to a high standard, in a timely and scale-able way that improves the code-base of our products in meaningful ways. The developer will be a part of a creative team that will be responsible for all aspects of the ongoing software development from the initial specification, through to developing, testing and launching.
Key Responsibilities: *
On-site design and development of web applications in PHP/MySQL Integration and support of web applications and associated hardware Analyze customer needs and provide software solutions as part of a team Analyze, test and resolve issues with application software and associated peripherals Develop web services (Json, XML) which will interface with third party APIs Analyze and adapt existing software to meet customer needs Assist the customer in the development of business processes and policies
Basic Qualifications: *
7+ years of experience plus Bachelor’s Degree in related field (or 3 years equivalent experience)
7+ years of experience working with a combination of PHP, MySQL.
MVC pattern framework knowledge is a must. (Code-igniter, Yii, Yii2 (preferable)) 4+ years of experience working with HTML, JavaScript, jQuery, and CSS
Preferred Skills/Experience: *
Experience developing in an MVC framework
Experience in Node JS (Not necessary)
Experience configuring and maintaining virtual servers
Experience configuring IIS web servers
Experience working with JSON and web services
Experience using version control systems for code integrity
Experience with developing as part of a team Desired
Experience: MySQL, PHP, HTML5, JSON, Yii2, Code igniter, Yii (Any MVC pattern framework) Professional Skills: Excellent verbal, interpersonal, and written communication skills Strong analytical, problem-solving and decision making capabilities Ability to work independently with minimal supervision
Job Type: * Full-time
Timings: * 9:30 AM – 6:30 PM. Alternate Saturdays working.
Contract length: 12 months

Job Types: Full-time, Contract

Salary: ₹50,000.00 - ₹90,000.00 per month

Schedule:
Day shift
Experience:
software development: 1 year (Preferred)
total work: 1 year (Preferred)
Education:
Bachelor's (Preferred)
Licence:
Core PHP (Preferred)
Programming Languages needed:
Python (Preferred)
Speak with the employer*
+91 8169674570",0.14
FITNESS,"         CERTIFIED FITNESS TRAINER           Professional Summary    Energetic knowledgeable Fitness Professional with 10 years of experience creating and implementing fitness programs designed to accommodate a client's needs and requirements. Results oriented Fitness Professional with a passion for designing programs that improve fitness, increase stamina, develop a sense of well being as well as healthy lifestyle. Ability to motivate and inspire clients regardless of fitness level or experience while encouraging them to make habits that are life changing.
Core Qualifications Extensive experience developing          High energy and passion for building wellness programming, including group          relationships with members. exercise,personal training, weight loss          ISSA Personal Trainer Certification. classes and youth fitness.          Specialist in Fitness Nutrition. Hands-on experience providing exercise          CPR and AED Certified. prescription for post cardiac rehab and          YMCA Healthy Back Instructor. physical therapy patients. Strong leadership skills in fitness operations .
Accomplishments Launched a unique $8M YMCA/Hospital collaboration from the ground floor. Developed North Carolinas first XRKade Interactive Fitness Zone leading to national recognition. Doubled sales within the first 60 days. Led efforts to increase membership from 1,500 to 2,700. 80 % closing percentage leading our club 3 consecutive months. Collaborated with ASU HEPELS Department to seek $1M in federal funding to fight obesity Designed YMCA Corporate Wellness Challenge securing sponsorship/participation from 10 major companies.        Experience      Certified Fitness Trainer    July 2013   to   October 2015     Company Name   -   City  ,   State      Lead and manage department operations.  Deliver exceptional customer experience by being a friendly, available, customer focused, excited team member.  Provide technical support based on in-depth product knowledge to other associates and customers on all exercise/fitness merchandise.  Drive sales through community involvement by building relationships with health organizations and hospitals.  Consistently promote company programs including warranty sales, scorecard, private label credit card, etc.          Personal Trainer & Lead Fitness Consultant    November 2014   to   September 2015     Company Name   -   City  ,   State      Built clientèle base by providing customized fitness programs including proper nutrition, cardiovascular exercise, resistance training to help members achieve their fitness goals.  Promoted and sold memberships to potential members.  Generated sales leads through walk-ins, TI's and promotions.  Conducted appointments with members including assessments, nutritional counseling, instruction on proper form of exercises.  Consult with members to define needs and formulate appropriate solutions to achieve desired fitness goals.  Determined members' current physical status based on personal health and physical history.  Designed individual exercise program consistent with the members' personal fitness and exercise goals.          Fitness Manager, Personal Training Sales Manager    September 2011   to   June 2013     Company Name   -   City  ,   State      Oversaw the day-to-day operations doubling sales within first 60 days through staff training/coaching, superior member service and relations as well as high standards for facility maintenance and cleanliness.  Hired, trained and supervised group exercise, personal training and membership sales team.  Provided one-on-one personal training session for all new members.  Generated interest and promoted sales for the Personal Training Program.  Created goal specific exercise plans with both short and long term member goals.  Worked to get more customers into the club and constantly expand the number of members.          Fitness Consultant    January 2011   to   September 2011     Company Name   -   City  ,   State      Provided exceptional customer service for 24-hour ""judgment free"" 6,000 member fitness facility.  Responsible for membership sales, tours, phone inquiries, facility cleanliness and management as well communicating policies in a positive manner.  Worked independently utilizing strong judgment and decision making skills while providing encouragement and motivation to all members.  Creativity and flexibility were put to the test as this position worked single handedly manning the operation at night.          Health and Wellness Director    May 2007   to   March 2010     Company Name   -   City  ,   State      Delivered exceptional member service and programs for 1300 households.  Hired, trained and supervised group exercise, personal training, wellness, and membership team members.  Developed $800,000 budget as well as creating a marketing plan and promotional materials.  Designed and delivered maintenance programs for Cardiac Rehab and Physical Therapy graduates.  Provided fitness assessments, health risk appraisal and one-on-one personal training.  Developed ""Positive Attitude"" Weight Loss Program for significantly overweight participants.  Implemented and delivered YMCA Healthy Back Program.  Established Membership Retention and Recruitment ""Best Practices."" Partnered with ASU to study physical exertion levels with XRKADE vs.traditional activity among elementary students.  Created and promoted Total Health Program offering nutrition and wellness in collaboration with area health care providers.          Education      Bachelor of Science Degree   :   Recreation Management Marketing      Appalachian State University   -   City  ,   State      Recreation Management Marketing          Skills    budget, coaching, counseling, Creativity, credit, customer service, decision making, staff training, facility maintenance, instruction, marketing plan, Physical Therapy, policies, promotional materials, Recruitment, sales, technical support, phone   ",Django Developer,"Python development with exposure to work in a top Aerospace OEM environment
yöu
Degree in Bachelor of Engineering (Computers / IT) or MSc Computers or equivalent degree
Experience of 3- 7 years in the below skills
Proficiency in Python development: Must Have
Proficiency in Django Application development : Must Have
Experience in Redis Queue: Must Have
Proficiency with MVC/MVT (Model-View-Template) Architecture – Must have
Experience with Algorithm writing – Must have
Sound Experience with REST API design and implementation: Must Have
Extensive experience with Postgres SQL & MS SQL : Must Have
Depth knowledge of GIT Hub/Git : Must Have

top 5 reasöns
An entrepreneurial environment with immediate responsibility and a chance to make a difference from the word go
Innovative projects with big name clients and exposure to future, cutting edge technologies
Unlimited individual growth opportunities and the ability to create a personalised career path
Access to a global network with opportunities to live and work abroad
All the support, training and coaching you need to further your career
and extra on top: A team spirit and family-like culture as exciting and colourful as our gradient coloured coffee marshmallows
cöntact
Karthick Raja M
Manager- Talant Acquisition

careers_in@umlaut.com
üs
umlaut is a 4500+ people strong global full service cross industry end-to-end partner that applies its deep-running interdisciplinary, collaborative advisory and fulfilment capabilities to change its clients fortunes for the better and - on top of that - add value, quality and focus to their organisations and produce.",0.13
CONSTRUCTION,"        AP         MAINTENANCE, HOMECONSTRUCTION       Summary     Hardworking Maintenance/Handy Man brings over  5+  years of experience in  Maintenance  industry to worksite. Resourceful experience handling materials, operating machinery and supporting overall team and project needs. In-depth knowledge of compliance mandates governing site and worker safety. Singularly focused on helping crews complete skilled work under deadlines.       Skills          Forklift driving  Codes compliance  Standard operating procedures understanding  Basic welding skills  Power and hand tool use  Understanding schematics  Mechanical Repair  Troubleshooting strength  Hand tool operations  Organizational ability  Maintenance scheduling  Mechanical aptitude  System installations  Equipment maintenance  Safety-oriented mindset  Materials handling      Equipment repair  Construction trade expertise  Flooring Installation  Framing  Construction  Carpentry  Coordination  Multitasking  Maintenance & Repair  Training & Development  Friendly, positive attitude  People skills  Flexible  Basic math  Conflict resolution            Experience      Company Name    |    City  ,   State      Maintenance, Home Construction    08/2020   -    Current        Diagnosed problems with mechanical and electrical systems and equipment using advanced troubleshooting abilities.  Performed performance and safety inspections on equipment and machinery to maintain operational baseline.  Changed HVAC filters and cleaned condensation drains to perform preventative maintenance on HVAC systems.  Maintained facility interior, including shampooing carpets, washing walls, waxing and stripping floors and dusting furniture and fixtures.  Used electrical drawings to troubleshoot and repair electro-mechanical and other systems.  Framed new construction of single-family homes and townhomes.  Completed indoor and outdoor residential and commercial construction projects.  Cut roofing paper to size and nailed and stapled paper to roof in overlapping strips to form base for roofing materials.  Mopped and poured hot asphalt and tar onto roof base while applying asphalt and tar and gravel to roof.  Resolved both technical and contractual issues in constructive, positive manner.  Shaped materials to exact measurements for job requirements using hand tools and power equipment.  Examined buildings and project specifications to determine measurements and dimensions.  Installed building structures such as windows, trim and cabinetry alone or with assistants to meet job deadlines.  Operated terrain telescoping forklift, backhoe, skid steer and tractor.  Prepared, cut and installed custom cabinetry, built-in bookcases and staircases.  Selected lumber based on particular species, characteristics, size, applications and applicable adhesives.  Set windows and layouts for stairs and common rafters.  Cut and installed tile and hardwood flooring for over  6  residential and commercial buildings.  Installed cabinets, base cabinets and crown molding.  Worked independently on projects and tasks within 1-person carpentry team.  Safely operated power saws, planers, jointers, routers and pneumatic equipment for  365+  days without accident.  Cut timber, panels and other wooden materials according to measured dimensions.  Installed floor joists, trusses and rafters.  Consistently constructed square and level projects.  Safely used band, circular, jig, reciprocating, chop and compound miter saws.         Company Name    |    City  ,   State      Maintenance Technician    01/2018   -   08/2020       Collaborated with building managers to assess ongoing needs and plan preventive maintenance schedules.  Diagnosed problems with mechanical and electrical systems and equipment using advanced troubleshooting abilities.  Executed daily operations of preventive maintenance on electrical panels, motor controls and switch gears.  Performed performance and safety inspections on equipment and machinery to maintain operational baseline.  Replaced wall sockets, ran lines and completed basic carpentry to finish installations.  Installed new systems, replacement parts and components to maintain proper operation.  Maintained compliance with internal and regulatory safety standards, including OSHA.  Routinely inspected equipment for preventive and emergency maintenance needs.  Changed HVAC filters and cleaned condensation drains to perform preventative maintenance on HVAC systems.  Assessed system operations to identify potential areas requiring maintenance services.  Carried out repair work on food grade equipment, typically returning machines and tools to service within 1-2 hours.  Inspected electrical components to identify defects and hazards and make necessary adjustments.         Company Name    |    City  ,   State      RV Technician    01/2017   -   01/2018       Managed shop jobs to complete work orders on time and keep tasks prioritized.  Documented diagnostic testing and repair work to maintain accurate records on all vehicles.  Performed electrical, plumbing, carpentry and appliance maintenance.  Conducted troubleshooting tasks to diagnose issues and determine appropriate fixes.  Reconstructed floors, walls and roofs to repair damage such as flooding.  Installed and repaired plumbing, including water lines, drains and fixtures.  Tested and troubleshot equipment to locate source of problems and develop correction plans.  Used caulking compounds and piping to repair gas lines for safe RV operation.  Read work orders to understand and plan for specific service needs of different customers and RVs.  Installed water heaters, furnaces and other equipment in RVs.         Company Name    |    City  ,   State      Roofer, Plywood, Door Hanger    02/2015   -   01/2017       Performed quality work in alignment with company procedures and values.  Read and interpreted blueprints to effectively plan and execute projects.  Improved knowledge and productivity through continuous education and learning from foreman and senior assemblers.  Assembled building material components, including wall panels and roof and floor trusses.  Installed heat trace tape to tubing and controls and bent large tubing with power bender.  Inserted and positioned materials and clamped, spliced and fitted parts using hand and power tools.         Education and Training      Northridge High School   |   City        High School Diploma      06/2009       ",Network Administrator,"NVIDIA Network Engineering is looking for a Network Engineer to join its fast paced and results oriented team. Challenges include balancing project responsibilities with escalated operational issues. If you have a primary skillset in the routing and switching foundation, with the ability to define and lead primarily Engineering LAB Network refresh & upgrades globally this job might be for you.

What you’ll be doing:
Designs, plans and coordinates the implementation of network technologies in support of defined requirements generated by business and growth demands for Labs.
Validate project requirements, define project scope, develop project schedules and produce detailed designs for assigned projects.
Produce work breakdown structures that demonstrate understanding of proposed changes and how the change will be executed with minimal service impact.
Performs analysis and diagnosis of highly complex networking problems.
Builds simulated networks in test labs to resolve highly challenging problems and compatibility issues.
Prepare and maintain up to date documentation detailing configuration of deployed solutions. Generates network configurations.
Plans and executes highly complex network upgrade and migration activity.
Assists with deployment and strategy of tools and related Network Management Systems.
Provides mentor-ship for existing network team members as appropriate.
What we need to see:
BS or equivalent plus 10+ years progressive experience in Network engineering support environment.
Experience and expertise in network operations and service optimization in highly available, network infrastructure solutions in a large-scale, multi-site, international environment with design experience.
Expert knowledge of Mellanox, Cumulus, Arista & Cisco Datacenter Switching technologies used in large scale Engineering Labs & Data Center Deployments.
Strong and In-depth knowledge of Engineering LAB Network Technologies.
Expertise in IP inter networking, LAN Switching & Wireless Technologies.
WAN circuits and protocols (VPLS, MPLS, DWDM, DMVPN, Optimization).
Dynamic IP Routing protocols (OSPF, ISIS, EIGRP, BGP, PIM Multicast).
Experience on latest hardware and operating systems (Cumulus, Arista EOS, CRS, Nexus, IOS-XR, NX-OS, Junos).
Experience in inter-AS connectivity (eBGP, MPLS).
High Availability protocols and Global Server Load Balancing technologies.
New Generation Firewalls, Stateful firewalls, SSL, VPN.
Virtualization technologies, both networking (VRF, VDC, Nexus1kv) and compute (VMware, Openstack).
High level inter networking troubleshooting in a large-scale network environment.
Knowledge of network management, network availability and capacity planning.
Expertise in interfacing with carriers to manage circuit delivery, troubleshooting and migration.
Must have exceptional verbal, written, interpersonal, and presentation skills.
Must be creative and have initiative.
CCIE or equivalent is a plus.
Ways to stand out from the crowd:
Self-driven and resourceful to achieve goals independently as well as work well in groups.
Flexibility to adjust to changing requirements, schedules and priorities. The ability to socialize ideas, make recommendations and gather team consensus to move forward.
Must be able to effectively communicate both orally and in writing to technical and non-technical audiences at all levels in the organization; develop procedural documentation; develop and conduct effective presentations; and effectively demonstrate products and solutions.
Ability to connect new technology initiatives to cost savings and ROI calculations.
NVIDIA is leading the way in groundbreaking developments in Artificial Intelligence, High-Performance Computing and Visualization. The GPU, our invention, serves as the visual cortex of modern computers and is at the heart of our products and services. Our work opens up new universes to explore, enables amazing creativity and discovery, and powers what were once science fiction inventions from artificial intelligence to autonomous cars. NVIDIA is looking for exceptional people like you to help us accelerate the next wave of artificial intelligence.",0.247
INFORMATION-TECHNOLOGY,"         INFORMATION TECHNOLOGY MANAGER                 Experience      Information Technology Manager    April 2007   to   Current     Company Name   －   City  ,   State      Annual budget planning for department, network administration, implementation of new technology, developed company applications, daily backups and technical support for 80 users.  Administration of security firewall, spam firewall and web filter.  VLAN's and VPN setup and administration.  Windows Server 2008 R2 administration, Microsoft Active Directory administration with 100 PCs on Windows 7 and Windows XP.  Microsoft DFS, DHCP, DNS and WSUS Services administration.  FTP server implementation and administration.  Microsoft Exchange Server 2010 Administration, creation of new users, distribution groups and daily backup.  Servers and desktop backup with Symantec BackupExec 2012.  Administration, maintenance and daily backup for Sybase SQL Anywhere 11.0 databases.  Administration of Mac editing rooms on OS X 10.8 - 10.9 with SAN storage (Apple XSAN 30 TB Array administration on Promise VTrak Ex10 Series).  Software installation and setup for editing rooms with Final Cut, Adobe Products, Cinema 4D etc; Hardware installation and configuration for video capture with Aja, Kona and Black Magic video capture devices.  iNews (News Room Management System), Wide Orbit (Traffic, Sales and Revenue Software).  Knowledge of Florical Systems (Software for Television Automation), Omneon video server, Streambox (Mobile Broadcast Streaming Video) and some Miranda products.  Responsible for research, quote, acquisition and configuration of all new network technology in the company.  Repair, installation and updates of Software and Hardware for PCs and Mac Computers.          Information Technology Manager    July 2001   to   March 2007     Company Name   －   City  ,   State      Develop, maintain and support in-house applications.  Responsibilities include software licensing, updating operating system for desktop computers and servers and technical support for 25 users.  Supervised two employees for the department.  In 2004 developed a program to track inventory of all hardware being distributed to 300 branch offices as well as a user manual for the in house application detailing procedures and processes.  Network Administration for a LAN with 30 desktop PCs and 5 Windows 2003 Standard Edition, Active Directory Service, DHCP and DNS Server administration.  Implementation of FTP Server for large file transfer.  Implementation of Distributed File System (DFS) to share files in each department.  Microsoft Exchange Server 2003 Administration, creation of new users, groups and policy groups, daily backup.  Installation and maintenance of Certification Authority in Windows Server 2003 for web application.  Administration, maintenance and daily backup for a database Sybase SQL Anywhere 9.0.  Maintenance and Creation of desktop applications (Power Builder 6.5, Power Builder 9.0).  Technical support for 300 branch offices.  New installation and updates of Software and Hardware.          Information Systems Administrator    January 2001   to   July 2001     Company Name   －   City  ,   State      Technical support for 10 network users and 100 branch offices.  Implemented Terminal Service to be able to connect to five new branches in Colombia.  Daily backup for Sybase SQL Anywhere 7.0 Database, Microsoft SQL Server 2000 Database, QuickBooks Pro Database and in house program.  Network Administration, implementation of FTP service for 100 branches connections, creation of uses and security access.  Windows 2000 Server Administration, Active Directory Service administration and maintenance.  Microsoft SQL Server 2000 administration.  Technical Support for branch offices.  Installation and updates of Software and Hardware.          Education      BS   :   Computer System Engineer  ,   January 29 2000    Fundacion Universidad Autonoma de Colombia   －   City  ,     Colombia    Computer System Engineer        Computer Technician   :     April 26 1997            Certification in LAN Network Administration   :     January 1997    Centro Colombiano de Estudios Profesionales Pontificia Universidad Javeriana   －   City  ,     Colombia            Skills    4D, Active Directory, Adobe Products, Apple, Automation, backup, Broadcast, budget planning, Computer Technician, Hardware installation and configuration, Hardware, databases, Database, DHCP, DNS, editing, Final Cut, firewall, FTP, inventory, LAN, Mac, Magic, access, Microsoft Exchange Server, Windows 7, Windows, 2000, Windows XP, Network Administration, network, OS, operating system, Power Builder 6.5, Power Builder 9.0, processes, QuickBooks Pro, research, Sales, SAN, Servers, Software installation, Microsoft SQL Server, Streaming Video, Sybase SQL Anywhere 7.0, Sybase SQL Anywhere 9.0, Sybase SQL Anywhere, Symantec, Technical support, Television, video, VPN, Windows Server, Windows 2000 Server   ",Django Developer,"We are looking for Python Django developers with minimum 1-3 years experience who can join immediately.
Job Type: Full-time
Salary: ₹15,000.00 - ₹20,000.00 per month
Schedule:
Day shift
Experience:
Python - Django: 1 year (Required)
Python: 1 year (Preferred)
Education:
Bachelor's (Preferred)
Work Remotely:
Temporarily due to COVID-19",0.008
INFORMATION-TECHNOLOGY,"         BRANCH CHIEF INFORMATION TECHNOLOGY SPECIALIST       Profile    Motivated Information Technology and Cyber security professional with outstanding managerial and customer service skills, excellent written and verbal communication skills, seeks challenging position with an organization where I can make a big impact with my multifaceted experience, training and education. Excellent record of problem solving and achieving results in high-operations-tempo environments. Successful team leader and highly-motivated mentor with proven dedication to self and subordinate improvement.  
*Superior knowledge of INFOSEC/NETOPS techniques to determine requirements for information technology equipment and systems. Excellent knowledge and ability to negotiate in financial control, budget systems, and security management. Working knowledge of budget and cost analysis processes.
*Thorough knowledge of Office of Management and Budget (OMB), Department of Defense (DoD) and U.S. Air Force regulations, principles and practices pertaining to logistics, INFOSEC/NETOPS, installations, and mission support functions. Exceptional ability to recognize and analyze problems, conduct research; summarize results, and make appropriate recommendations. Recognized expert in DoD planning, programming, budgeting and execution (PPBE) process. 
*Expertise in capability planning in IT environment, enterprise technical/Certification and Accreditation standards, CCRI processes, procedures, security practices, and IA vulnerability tools i.e. ACAS. 
*Ability to apply knowledge of current security tools, and techniques to execute Authority to Connect and Authority to Operate network systems. 
*Thorough knowledge of SCADA systems operations, security, safeguards and protection
*SECURITY CLEARANCE: TOP SECRET  (SCI) w/CI Polygraph          Professional Experience     07/2014   to   Current     Branch Chief Information Technology Specialist    Company Name   －   City        Effectively oversee, manage, and evaluate multiple enterprise level IT programs, serve as senior technical
advisor and evaluator for programs using cutting edge technology for the Headquarters Air Force (HAF) command, control, communications, computer, intelligence, surveillance and reconnaissance (C4ISR).  Establishes, develops, and maintains effective working relationships with top functional area managers, program managers, commanders, contractors, vendors, DoD and other non-DoD agencies, and communications and information personnel in the National Capital Region.  Researches and recommends innovative approaches to resolve major IT problems.  Performs more complex aspects of the project management, evaluation, and oversight responsibilities such as feasibility studies, systems analysis, systems development, implementation, systems integration, and problem resolution.         08/2009   to   07/2014     Information Technology Specialist (INFOSEC/NETOPS)    Company Name   －   City  ,   State      Developed detailed operations plans and operations orders supporting cyber requirements at the strategic, operational, and tactical levels of cyber warfare.  Enabled crisis action planning, development of strike packages and cyber effects to protect U.S.  air, land, sea, space, and cyberspace domains.  Collaborated with Defense Information Systems Agency and other US Government partners to develop and implement directives for Global Information Grid (GIG) operations.  Developed information operations and computer network operations plans, including defensive computer operations planning, to ensure support Geographic Combatant Commanders' intent.  Made recommendations to posture GIG to respond to emerging and current threats.  Supported Defend the Nation (DTN)-China Operation Planning Team with technical, INFOSEC doctrine, appropriate technologies, techniques, and tools.  Coordinated changing mission parameters with US/Allied/Coalition partners: identified and prioritized Intelligence Community cyber requirements and provide intrusion response planning.  Made substantive recommendations to NetOps policy, doctrine, capability developments.  Utilized INFOSEC existing policy guidance as it pertains to threats, operating environment and operational requirements.  Provided expert analysis of ongoing Net/Ops events, malicious activity and trend analysis.  Developed operational plans and orders to counter malicious activity and mitigate identified or potential threats to the GIG.         09/2006   to   08/2009     Senior Technical Analyst    Company Name          Technical lead on digital media projects, guided teams to solutions that leveraged technical capabilities.  Defined requirements for computer-based systems that supported electronic publishing Air Force wide.  Achieved accurate and timely publication of electronic publications and forms.  Ensured documentation of requirements for systems administration and information tasking orders.  Served as technical lead on electronic publishing development and integration teams.  Ensured all development was consistent with Air Force guidance.  Established policies and procedure to manage the Air Force Electronic Publishing Program.  Analyzed software development, configuration management, testing, maintenance manuals, training manuals, tutorials, procedures, reports, computer-based training and data management.  Represented the Office meetings of interagency and inter-command groups concerned with development and support planning using state-of-the-art techniques in electronic publishing areas.         08/1998   to   09/2006     IT Specialist    Company Name   －   City  ,   State      Managed computer support , cost analysis, and acquisition to support ANG work plans.  Lead teams to execute Air National Guard budget for computers and associated technologies.  Proven ability to formulate, justify, and defend assigned programs and projects.  Demonstrated knowledge of cost comparison procedures, directives, and communications.  Communicated effectively in written and oral mediums.  Provided technical direction concerning the acquisition of hardware and software for the entire Air National (ANG).  Performed analysis and evaluation of hardware and software to provide the best technical solution.  Advised components of the ANG on acquisition, procurement, maintenance and feasibility for adoption of information technology hardware and software.          Education          M.S  :   Public Administration, Government Law    Sul Ross University   －   City  ,   State      Public Administration, Government Law            B.S  :   Psychology, Education    Morgan State University   －   City  ,   State      Psychology, Education       Jun-2014     SPECIALIZED TRAINING									_
*Security + Certified, CE						20-             Aug-2011     *Cyber 200 Advance Continuing Education Course		26-             Sep-2010     *Basic Computer Operations Planner's Course			24-             Sep-2009     *DISA Action Officers Course					10-Dec-2009
*DOD Information Assurance Boot Camp			 06-Nov-2009
*Computer Network Defense/Computer Network Threat		24-              Skills    Air Force, art, Agency, Basic, budget, oral, hardware, Computer Operations, configuration management, cost analysis, data management, Dec, direction, documentation, edge, feasibility studies, forms, functional, Government, Information Systems, information technology, computer support, meetings, Office, enterprise, Network, personnel, policies, problem resolution, procurement, project management, publications, publication, software development, strategic, systems administration, systems analysis, systems development, systems integration, training manuals, trend, written   ",PHP Developer,"PHP Developer

Build your career with us in PHP. We are looking for a PHP Developer who can work with dedication and passion. He should have 2 years of experience in PHP Development.

You will:
Develop clean code based on client requirements
Write server-side web application logic
Troubleshoot, test and maintain websites for proper functioning
Test, maintain and troubleshoot Databases Develop and integrate plugins for frameworks
Develop back-end components
Support front-end developers integrating their work
Updating the site with added features
Document the program including technical specifications in the code
You have:
B.Tech., engineering graduate
Proven experience as PHP Developert
Passion for innovative designs and coding practices
Extensive knowledge of open source projects like Joomla, Codeigniter, Laravel, Drupal, Wikis, osCommerce, and HTML, CSS, Javascript, JQuery, MySQL, AJAX
Good knowledge of developing web services, relational databases
Experience in common third-party APIs
Good communication skills
Keen sense of perception and ability to learn new things",0.183
INFORMATION-TECHNOLOGY,"         ADJUNCT INSTRUCTOR             Skill Highlights        Quality Engineering Process Improvement Acceptance Testing Strategic Planning Organizational Development Requirement Assessment Coaching & Mentoring Business Intelligence SDLC People Management Team Building Data Analysis Oracle SQL/MS Access Progress RDB Power Point Data Warehousing HP Quality Center MS Test Rational software QA and PM templates MS Word/Excel MS Project Visio Clarity Software              Professional Experience      Adjunct Instructor    January 1999   to   November 2014     Company Name   －   City  ,   State      Planning and Strategy 01/2014 - 11/2014 Oversaw and facilitated development, QA and production of monthly metric dashboard packages across AIT that illustrates the organization's collective value and overall contribution for senior level reporting and review.  Successfully led installation of the 1st service request tool for the Planning and Strategy team automating work order processing. Project managed Communication, Quality, Risk and Implementation Management following SDLC, QA and Project Management Life Cycles. (AIT) Leadership Development Rotation Program 2012 to 2013 Leadership Development Program rotation across Annuities organizational and functional departments, focused on hands-on and real scenario exposure to various executive leadership approaches and styles. Delivered Quality and cost effective projects utilizing leadership agility, enhanced ability to read organizations and honed skills in strategy execution.  Project managed design, QA, training and implementation of Resource Capacity Management tool for Annuities Marketing Service group 20 resources. Created, socialized and implemented project charters, project and communication plans and QA artifacts to Business Analyst, Developers and stakeholders.  Designed and developed the process to collect and track $29M in IT-Sourcing Business Case Multi Year Savings. Piloted and socialized data collection process and procedures to obtain five Organizational Units executives sign off without issues. The tool and process enabled timely, accurate and effective decision senior leadership decisions for strategic planning.  Designed and project managed the development, QA strategies and implementation of Portfolio Management Database application leading four offshore and two onshore resources in planning, execution & monitoring, and project implementation following established SDLC, QA and Project Management Lifecycles best practices. This tool captures and reports progress and status of all Annuities Services active projects.  Led acquisition of two Commercial off the Shelf software for AIT, 50% below whole sale by successful negotiation and package order reconfiguration. Vendor Management lead for the enterprise procurement of HP's Requirement Management Tool (RMT) and APPTIO (Financial SAAS application) by developing and implementing Request for Proposals (RFPs), Master Service Agreements (MSA) and Statement of Work (SOW) in collaboration with Prudential Legal and Business and Senior Stakeholders.  Developed and successfully implemented project charter and project plans for software customization and implementation of APPTIO by using approved PM tools including peer reviews and socialization to project stakeholders. Project charter was used to drive technical requirements for collaborative work effort between APPTIO and Prudential Annuities.  Developed traceability matrices and risk based test strategies for reliable analysis with optimized test coverage and prioritized execution. Led QA project deliveries and adherence to all Annuities Quality Assurance standards and procedure. Led test efforts on project initiatives, working closely with project stakeholders to ensure high Quality deliverables to Annuities Technology Business Partners.  Collaborated and negotiated development of QA testing infrastructure for Information Management and Business Intelligence (IMBI) QA cluster through research, development and incorporation of Business Intelligence Testing Methodology and established QA guidelines for Data Warehouse, Data Marts, and ETL (Extract, Transform and Load) projects in line with industry practices. Socialized new IMBI QA methodology to business clients and AIT's analysis and development teams. This process became the foundation of testing procedure for AIT QA department.  Developed and governed QA project milestones, QA test strategies, scope test plans, resource allocations and project planning for AIT's Information Management and Business Intelligence by design process participation, peer and Quality Control reviews. Oversaw development of QA strategies, test plans and test cases to migrate Prudential's Annuity system to newly established Data Warehouse, Mart with Cognos as reporting front-end.  Managed QA validation execution, tracking and governance of Annuities Information Factory data warehouse, the foundation of AIT's Business Intelligence infrastructure in QA Organization by leading two onshore and six offshore, from India and Ireland, in design, creation and execution of test strategies and test plans in alignment with SDLC and Project Life Cycle.  Bridged QA SME single point-of-failure gap by developing succession plans and approach though knowledge transfers, documentations and trainings.  Monitored and reported relevant QA metrics for test performance to senior management for though use of charts and graphs for trend and analysis. Managed prioritization of production defect resolution, validation and on-time production deployments. Defined, developed and standardized production defect resolution infrastructure and processes for the newly formed QA Production Support team.  Coordinated QA test region management including data refresh and test region trouble shooting though project planning and scheduling, working knowledge of test environments, capabilities and user needs. This process improvement resulted to a single point of contact and multiple call reduction.  Engineered and streamlined QA region refresh procedures resulting into a repeatable process implemented in AIT QA department. This process reduced test region set-up to 5 days from its usual 9 days set up. Employed automation, batch processing, collaboration and negotiations with IT partners to drive success.  Directed the validation 15 small projects ($50K or less) within 12 months leveraging onshore and offshore staffs following full QA Testing Lifecycle.  QA project led American Skandia and All State data acquisitions and conversions by creating and implementing QA test strategies and plans to 12 onshore and 10 offshore consultants, communicating project status through QA metrics. Established and matured Annuities Information Technology's automation infrastructure and processes. Developed regression test bed to reduce manual testing effort of repeatable process.  Collaborated in the establishment of the QA Automation infrastructure through proof of concepts, benefits and impact analysis with Pramerica offshore team. Established the 1st automation infrastructure using Rational Software and base line regression test bed for Prudential's Annuities Technology line of business.  Reduced database table seeding QA validation by 75% in QA, UAT and Production environment by developing and implementing excel macro comparison tools to validate data accuracy.  Built a Cyclic Redundancy Check automated script that save 4 person hours on each execution by launching 100 application screens that executed initiation modules.          Software Developer    January 1996   to   January 1998     Company Name   －   City  ,   State            Software Developer/QA Project Lead, PRODIGY    January 1988   to   January 1996     Company Name   －   City  ,   State            Education      MS   :   Computer Science  ,   1992    University of New Haven   －   City  ,   State  ,   US    MS in Computer Science University of New Haven - New Haven, CT 1992        BS   :   Computer Science  ,   1985    Fairleigh Dickinson University   －   City  ,   State  ,   US    BS in Computer Science Fairleigh Dickinson University - Teaneck, NJ 1985 LINKS http://www.linkedin.com/in/josephmueller201        Certifications    AIT      Skills    Qa, Offshore, Annuities, Testing, Team Lead, Database, Qa Validation, Sdlc, Metrics, Project Planning, Qa Test, Qa Testing, Benefits, Excel, Production Environment, Rational, Uat, Leadership Development, Project Management, Best Practices, Business Case, Capacity Management, Collection, Data Collection, Marketing, Portfolio Management, Procurement, Progress, Project Plans, Proposals, Saas, Software As A Service, Sow, Statement Of Work, Strategic Planning, Technical Requirements, Training, Vendor Management, Business Intelligence, Cases, Clients, Coda, Cognos, Data Warehouse, Etl, Extract, Transform, And Load, Front End, Front End Design, Front-end, Governance, Ibm Cognos, Life Cycle, Qa Methodology, Quality Assurance, Quality Assurance Standards, Quality Control, Sme, Subject Matter Expert, Test Lead, Test Plans, Batch Processing, Its, Process Improvement, Scheduling, Instructor, Order Processing, Acceptance Testing, Access, Coaching, Data Analysis, Data Warehousing, Ibm Rational Software, Marketing Analysis, Mentoring, Microsoft Project, Ms Access, Ms Project, Ms Word, Oracle, Org Development, Organizational Development, Rational Software, Rdb, Software Qa, Sql, Team Building, User Acceptance, Visio, Word   ",PHP Developer,"Job Summary
**
We are looking for Fresher PHP developers who possess a passion for pushing web technology to the limits and will work with our team of talented engineers to design and build the next generation of existing services
The candidate should have basic knowledge of PHP, HTML5, CSS3, Jquery, with good knowledge of communication skills.
Responsibilities and Duties
Candidate must have IT Background and should be familiar with technologies.
Must have good interpersonal skills.
Must have Innovative, knowledgeable, creative, and hard-working
Key Skills
PHP, WordPress, HTML, CSS
Required Experience and Qualifications
Exp. : 0 - 3 Year
Qua. : B.E./B.TECH./M.E./M.TECH./MCA
Contract length: 1 month
Job Types: Full-time, Internship, Fresher
Salary: ₹12,000.00 - ₹34,000.00 per month
Benefits:
Flexible schedule
Schedule:
Day shift
Experience:
software development: 1 year (Preferred)
total work: 1 year (Preferred)
Education:
Bachelor's (Preferred)
Licence:
Core PHP (Preferred)
Programming Languages needed:
Python (Preferred)
Industry:
Software Development",0.252
INFORMATION-TECHNOLOGY,"    Objective    To obtain a position in the information technology, personnel development, or computer science field to help manage, develop, and support projects and individuals.           ADJUNCT INFORMATION TECHNOLOGY INSTRUCTOR       Experience      Adjunct Information Technology Instructor   01/2014   to   Current     Company Name   City  ,   State       Taught courses concerning the Python, Visual Basic, and C# programming languages.  Sat on CIT advisory board committee to improve and recruit students to the KCTCS CIT program.          Information Technology Instructor and School Technology Coordinator   11/2011   to   Current     Company Name   City  ,   State       Responsible for meeting the educational needs of high school students.Instructed classes concerning A+ certification, Cisco certification, web design, programming, game design, and help desk.  Taught programming courses concerning C#, Python, Java, and Javascript programming language, as well as taught various web frameworks.  STC support staff for CTE Unit to meet staff's technological needs including LMS support, teacher technology training, and maintaining school website.  Developed mobile applications with student body to meet district needs.  Supervisor of internally ran Help Desk, support ticket maintenance, and department head of technology troubleshooting for staff.            Geek Squad Agent   04/2007   to   09/2010     Company Name   City  ,   State        Set up, tested and configured networks, desktops, laptops and printers.     Coordinated hardware and software repair processes with outside vendors.        Trained  new employees in effective diagnostic and repair procedures.          Analyzed software, hardware and network systems for various transmission systems.        Configured and installed routers, switches and wireless controllers.            Education      Master of Science  :   Computer Information Systems   2015       Murray State University   City  ,   State       Project Management and Data Analysis Emphasis        Master of Arts  :   Education   2013       Murray State University   City  ,   State       Educational Technology Emphasis        Bachelor of Science  :   Education   2011       Murray State University   City  ,   State        Middle School Science and Social Studies Emphasis  GPA: 3.69         Information Technology Certifications      Comptia - Strata IT Fundamentals  Microsoft Technology Associate - Network Fundamentals  Microsoft Technology Associate - Windows O.S. Fundamentals  Microsoft Technology Associate - Software Development   Microsoft Technology Associate - Web Development         Skills      Google and Microsoft suite experience through coursework and classroom implementation.  Familiar with both the educational and information technology fields.  Experience in both project management and educating teachers on the use of technology in the classroom .         Awards / Recognition / Volunteer Work       Kentucky Colonel Award   HCHS Curriculum Committee - Vice Chair    Cum Laude - Murray State University					     May 2011      ",DevOps Engineer,"We are looking for talented DevOps Engineer. The candidate must have completed course in server management from reputed institute with 6 months to 2 year of experience.

Who are we looking for?

6 months to 2 years of experience
Candidate having Creative Thinking and Original Approach

Role & responsibilities:

Manage Linux & Windows server
Install & configure Linux, Windows, Web Server(Apache, IIS, Nginx), PHP, Database(MySQL)
Troubleshoot servers
Install & configure Faveo Helpdesk on various client server
Work on Jenkins
Build Dockers for Faveo Helpdesk

Technologies you have to work on:

OS: Linux (Ubuntu, Debian, Cent OS), Windows Server
Web server: Apache/IIS/Nginx
DB Server: MySQL, SQL Server, SQLite and PostgreSQL
Hosting: AWS Cloud, Dedicated server, VPS server & shared servers
Web hosting panels: cPanel, Webmin and Plesk Panel
Email server: Setup, configure & managing email server
Working with ionCube, How to encode application using ionCube and also how the ionCube licensing works.
Redis
Cron

Qualification/Interest

Candidates from B.E – Computer Science, Information Technology background preferred
Completed course in Linux, Windows Server management from reputed institute
Team player, friendly, self-motivated, quick & self learner and be able to work autonomously

How can I apply?

You are invited to send us your complete resume with picture to careers@ladybirdweb.com
Indicate the area of work that you are applying for
Attach previous work or portfolio or project details
Mention Linkedin Profile URL in the resume
Use following mail subject: Job Application – DevOps Engineer
Do go over our company website & LinkedIn profile before applying
Tell us what do you know about help desk industry

Job Perks

Regular cash/gift monthly/quarterly/half/annually incentives offered based on performance
Option to move roles in the future internally within organization based on organization requirement and your skills
Complementary Hot Beverages and healthy Lunch provided at office

Salary

Salary package CTC annual ₹ 3,00,000 – ₹ 3,60,000 P.A CTC
Salary mentioned above will have deductions such as PT, PF, ESI, TDS etc as per government regulations. In hand salary after deductions will be lower then the salary mentioned above. Detailed salary breakup is provided along with offer letter.
Annual Incentive/bonus based on yours & company’s performance. Declared in March every year and credited in April
Employee stock option available

Documents

Before joining there will be thorough verification by third party. Following documents needs to be submitted and carried for final round of interview.

ID Proof – Aadhar card & Pan card
Address proof
Previous company last 3 months salary slip and bank statement
All the companies worked so far their joining, hike & reliving letter
10th, 12th(PUC), diploma, graduation, post graduation marks card and certificate(degree)

Ethical Code

We are an equal opportunity employer and value diversity. We do not discriminate on the basis of race, religion, color, national origin, gender, sexual orientation, age, marital status, veteran status, or disability status.",0.235
INFORMATION-TECHNOLOGY,"         INFORMATION TECHNOLOGY CONSULTANT           Career Overview     Accomplished information technology professional with over 18 years of diverse technology, process analysis, project management, and information management experience.  Proven ability to successfully implement technology solutions, stay within time and budget constraints, and improve efficiency through proper risk management, task coordination, and resource utilization. Core Competencies Project Management Systems / Network Reporting Proposal Development Web Design & Development SOP & Policy Writing Systems & Process Consulting Document Management Technically-advanced information technology specialist successful in software administration and data communications.Experienced Computer Systems Analyst with diverse industry experience in banking, healthcare, insurance and government. Professional expertise includes systems applications, disaster recovery planning and information protection analysis.       Qualifications         Microsoft Windows (7, 8, 2012), Apple Mac (OS 7 - X, OS X Server, iOS), Unix/Linux (Ubuntu, Red Hat, CentOS, FreeBSD, SmoothWall Express)   Server/Web Software: 	MS Exchange, MS SharePoint, MS IIS, MS Hyper-V, Apache, WordPress, CloudFlare, Documentum, CoreDossier, Oracle Workflow, DavMail HTML5, CSS, PHP, JavaScript, Java, XML, C++, Microsoft Visual Basic   Applications:	Adobe CS6 (Acrobat, Photoshop, Illustrator, InDesign, Dreamweaver, Premiere, Flash, After Effects, Fireworks), MS Office, MS Project, Office 365 MySQL, MS SQL, MS Access, Oracle 11i, Sage ACT!     Web content management  Information security  Content management systems      Hardware:	Dell, HP, IBM, Cisco, SonicWall, NetGear, FortiGateProgramming and design skills  Optimizing and performance tuning  Document management  Web content management              Accomplishments      Print Graphic Support     Collaborated with marketing and business development groups for collateral needs by creating page layout designs for flyers, data sheets, CD covers and other printed materials.    Requirements Analysis     Completed business requirements analysis including the evaluation of systems specifications for client Web site two weeks ahead of deadline.    IT Training     Successfully trained 25 employees to use new operating system.    Project Management      Managed complex BI/DW deployment programs, facilitating acquisition of business requirements.  Prepared design specifications, developed reporting and analytics, tested and managed user adoption.         Work Experience      Information Technology Consultant    January 2003   to   Current     Company Name   －   City  ,   State      Senior-level consultant and manager of IT systems and projects with over 10 years experience.  Practiced successful design, administration, and development of business critical information systems for small to medium business clients onsite or via remote access technologies.  Web designer, developer and hosting administrator for over 30 client domains, sites, and email.  Consistently recommend, implement, and customize internal or cloud-based technology systems to fit client business processes.  Facilitate and develop email, file, database, mobile, and web-based systems to meet client business needs.  Achieved increase in client's customer exposure by launching marketing and corporate branding campaigns including logo and website design and development, SEO, Google AdWords, and social media Created and maintained procedures for hardware and software maintenance, migration, upgrades, and end-of-life Implementation and management of all high-level business technology projects Senior-level technical contact for client computer, network, server, and cloud-based systems Operations and technical specialist for consulting firm's business-critical systems Worked closely with clients to analyze IT system requirements, clients information technology needs and their resources in order to plan IT projects and fulfill clients expectations Developed IT system specifications after evaluating customer's nature of work and business volume Solved clients IT issues - Determined changes, recommended quality software, projected modifications of software, hardware and networking.  Monitored the execution of strategies, kept up to date with the new technology and researched latest Information technology market trends.  Assisted clients with IT solutions; prepared written reports on solutions offered.  Recommended the purchasing of new IT systems, presented new IT features/software and reported project progress to the management.   Prepared and presented technical proposals for clients.Designed, documented and executed maintenance procedures, including system upgrades, patch management and system backups.         Systems & Document Administrator    January 1998   to   January 2003     Company Name   －   City  ,   State      Key senior-level member of the information systems team with a variety of duties including project management, document management and publishing, web design, print design, user training and systems administration.  Promoted within two months of hire, again within the first two years and lastly promoted to a newly developed position.  Achieved first global electronic submissions to regulatory agencies by implementing and validating an electronic document management and publishing system as the primary systems administrator, developer, and project technical leader.  Resulted in NDA submission to the FDA ahead of target deadline saving millions in revenue.  Implemented and maintained application servers supporting secure Internet communications and business critical systems.  Created standard operating procedures, policies, development plans, disaster recovery, and other technical documentation in compliance with FDA requirements Project technical lead for company ERP system, several ongoing department projects and managed temporary and part-time employees and consultants Webmaster and graphic designer for Internet and intranet sites, print advertising, multimedia, and presentation projects Maintained Mac desktop computers and software supporting DNA Sequencer and robotic systems.          Education and Training      Bachelor of Science   :   Information Technology  ,   July 2016    University of Phoenix           Information Technology[Number] GPA         Skills     ACT!, Adobe, Acrobat, After Effects, Photoshop, Premiere, Apache, branding, business processes, C++, Cisco, Hardware, consultant, consulting, CSS, client, clients, Database, Dell, disaster recovery, document management, Documentum, Dreamweaver, email, ERP, features, Fireworks, Flash, FreeBSD, graphic designer, HP, HTML5, IBM, Illustrator, InDesign, information systems, Information technology, MS IIS, Internet communications, Java, JavaScript, Languages, Linux, logo, Mac, Apple Mac, marketing, market, access, MS Access, MS Exchange, MS Office, Office, MS Project, Microsoft Windows, migration, multimedia, MySQL, network, networking, Operating Systems, OS, OS 7, Oracle, developer, PHP, policies, print advertising, print design, progress, project management, purchasing, quality, Express, Red Hat, robotic systems, Sage, servers, MS SQL, systems administration, user training, technical documentation, Unix, upgrades, Microsoft Visual Basic, website design and development, Web designer, web design, Webmaster, Workflow, written, XML    ",Django Developer,"VIVENNS GLOBAL PRIVATE LIMITED (VGPL)

Designation : Python and Django Developer
Employer : Vivenns
Experience : Minimum 3-5 years
Compensation : Competitive Package Offer / Best in the Industry
Education : B-Tech/ B.E./ Graduate/ Post Graduate

Job Description: Python and Django Developer

Skills Requirement:

• Experience in Python and Django framework

• Proficient in developing REST APIs using Django framework

• Good experience in Enterprise Message bus like RabbitMQ

• Experience with caching architectures with Redis, Memcached.

• Must have played a key role in end to end cloud-based product development life-cycle.

• Experience in NoSQL Database's and their respective use cases.

• Having knowledge/experience in Openedx is a huge plus.

• Ability to understand the existing source and customize it as per the requirements.

Desired Candidate Profile

Technical Skills: Python, Django, RabbitMQ, Mongo DB and Rest APIs

Professional & Personal Attributes:

• Superb attention to technical (writing high quality code) details and programming skills

• Excellent verbal and written communication and interpersonal communication skills.

• Working and Contributing in a Team with proven experience.

Qualification & Work Condition:

• B-Tech/ B.E./ Graduate/ Post Graduate preferred

Company Profile

Vivenns (VGPL) is a global organisation providing advisory, consulting, software and support services to
international clients. Extensive domain and implementation experience in Education sector. As part of
expanding the new team, we have new openings for those who want to grow with us and make a difference in
providing value added services.

Contact Details

Company Name : Vivenns
Website : www.vivenns.com
Executive Name : Narendra Kumar
Address : 132/A, Level 3, Bluepal Building, Western Hills,
Street No 6, Opp to JNTU, Addagutta, Kukatpally, Hyderabad
Email Address : info@vivenns.com
Telephone : +91 40 48524347

Office Use only:
Approved by Director: Narendra Kumar Approved by Date: ___________________",0.297
